0,1,2,3,4,5,6,7,8,9,10,11,12,13,14
SEC-UGHFA,Gavin Sastry,Ops,Agent,2024-12-29,2024-12-12 04:52:42,2024-10-19 14:08:02,T3,B12,OPS-AUNOS,8,False,,2024-11-30,English
CC-FAALU,Gaurav Sandal,Ops,Agent,2024-10-11,2024-10-07 11:45:01,2024-10-26 21:36:24,T3,B12,RET-958NY,8,False,,2024-12-26,English
RET-DEE2V,Upasna D’Alia,Ops,Agent,2024-10-16,2024-11-30 15:09:34,2024-11-13 10:41:25,T3,B12,RET-EXRE9,8,False,,2024-11-15,English
GH-QO7VG,Yuvraj Wadhwa,Ops,Agent,2024-10-10,2024-11-08 19:25:10,2024-11-09 07:06:57,T3,B12,RET-LNR53,8,False,,2024-12-08,English
RET-5W8IK,Watika Deep,Ops,Agent,2024-10-01,2024-12-21 17:11:15,2024-11-14 07:29:53,T3,B12,OPS-NIX6M,8,False,,2024-12-04,English
RET-QMJ3N,Krisha Sarma,Ops,Agent,2024-11-19,2024-10-05 17:05:24,2024-12-18 20:00:15,T3,B12,OPS-LNBQF,8,False,,2024-12-11,English
SEC-R3NQB,Advik Chakraborty,Ops,Agent,2024-11-13,2024-11-18 22:48:18,2024-11-12 21:46:18,T3,B12,RET-VY5SM,8,False,,2024-10-07,English
MTC-ER3TG,Ayush Kashyap,Ops,Agent,2024-12-20,2024-10-22 19:59:08,2024-11-19 11:54:36,T3,B12,CC-TTUIF,8,False,,2024-12-16,English
MTC-J8LZI,Anita Narang,Ops,Agent,2024-11-29,2024-10-17 19:21:25,2024-12-15 13:38:09,T3,B12,OPS-3G3GU,8,False,,2024-11-21,English
OPS-SE3Z5,Vaishnavi Balakrishnan,Ops,Agent,2024-11-05,2024-12-28 20:21:32,2024-12-14 11:10:41,T3,B12,MTC-04CO9,8,False,,2024-10-24,English
CC-4Q1LI,Ishaan Warrior,Ops,Agent,2024-10-13,2024-12-12 12:26:22,2024-12-26 05:54:50,T3,B12,OPS-N1CBM,8,False,,2024-10-07,English
MTC-JF7VJ,Sanya Saraf,Ops,Agent,2024-12-07,2024-10-12 20:35:19,2024-10-26 12:57:31,T3,B12,CC-8M53M,8,False,,2024-12-15,English
RET-L1NK1,Nitesh Gupta,Ops,Agent,2024-12-15,2024-11-11 15:44:27,2024-11-10 20:57:10,T3,B12,GH-96R3Y,8,False,,2024-12-28,English
MTC-LSH8U,Yatan Malhotra,Ops,Agent,2024-10-12,2024-12-03 10:12:35,2024-12-23 05:50:54,T3,B12,MTC-5F6I1,8,False,,2024-12-27,English
SEC-I3DV2,Yochana Desai,Ops,Agent,2024-10-29,2024-10-31 10:14:34,2024-11-18 03:49:28,T3,B12,SEC-LYHG0,8,False,,2024-12-22,English
RET-BK60G,Naveen Chatterjee,Ops,Agent,2024-11-10,2024-12-07 12:34:23,2024-12-15 01:24:52,T3,B12,OPS-GZYGZ,8,False,,2024-12-19,English
RET-UIJG3,Dalbir Sule,Ops,Agent,2024-10-31,2024-10-29 17:28:48,2024-11-20 08:10:14,T3,B12,RET-SVHJX,8,False,,2024-11-21,English
RET-8QAHP,Nakul Anand,Ops,Agent,2024-10-22,2024-10-30 04:44:55,2024-11-11 01:05:09,T3,B12,GH-DOXHR,8,False,,2024-11-12,English
GH-MUAX9,Christopher Banik,Ops,Agent,2024-10-09,2024-11-06 04:21:19,2024-11-21 18:48:10,T3,B12,MTC-6HOUX,8,False,,2024-11-30,English
GH-AWPPJ,Samarth Shan,Ops,Agent,2024-12-13,2024-12-10 21:58:47,2024-12-15 07:40:03,T3,B12,OPS-NBJGZ,8,False,,2024-10-29,English
CC-4GBU0,Aradhana Narayan,Ops,Agent,2024-10-12,2024-12-06 19:47:28,2024-12-19 04:53:00,T3,B12,CC-VSJ9W,8,False,,2024-11-19,English
CC-CRB0F,Balveer Badal,Ops,Agent,2024-11-19,2024-10-06 04:31:16,2024-12-04 08:47:05,T3,B12,SEC-E1YWG,8,False,,2024-11-03,English
MTC-1UYB5,Bishakha Chaudhary,Ops,Agent,2024-10-31,2024-10-26 04:52:22,2024-10-05 22:42:04,T3,B12,RET-3FEBV,8,False,,2024-10-13,English
MTC-UH83N,Hemangini Menon,Ops,Agent,2024-11-07,2024-10-16 00:49:49,2024-11-09 10:48:56,T3,B12,SEC-19GTQ,8,False,,2024-10-10,English
RET-Y4FI8,Yashoda Tata,Ops,Agent,2024-10-26,2024-12-11 09:35:44,2024-11-16 16:20:27,T3,B12,GH-WXFDD,8,False,,2024-12-05,English
GH-D0VJA,Azad Tata,Ops,Agent,2024-10-30,2024-11-14 23:54:27,2024-10-24 09:06:12,T3,B12,CC-LN9QU,8,False,,2024-10-28,English
GH-4UA77,Nathan Basak,Ops,Agent,2024-12-26,2024-12-29 08:54:23,2024-11-14 00:51:37,T3,B12,RET-8AAVL,8,False,,2024-10-17,English
MTC-4SFOX,Champak Soman,Ops,Agent,2024-11-19,2024-12-20 06:48:54,2024-12-10 22:20:29,T3,B12,GH-1DUWZ,8,False,,2024-12-15,English
RET-7B2SC,Parth Manne,Ops,Agent,2024-12-19,2024-10-13 18:52:20,2024-11-28 16:58:32,T3,B12,GH-23BOJ,8,False,,2024-10-14,English
OPS-XWYEG,Nikita Bhatti,Ops,Agent,2024-10-06,2024-11-02 23:16:26,2024-10-01 03:12:06,T3,B12,SEC-AE1UN,8,False,,2024-11-30,English
OPS-BHIV1,Yoshita Issac,Ops,Agent,2024-11-18,2024-11-13 07:03:06,2024-11-08 21:26:22,T3,B12,RET-XH931,8,False,,2024-11-03,English
RET-DIMTA,Mohini Khurana,Ops,Agent,2024-10-31,2024-12-19 18:08:31,2024-12-15 14:50:30,T3,B12,GH-ISZLL,8,False,,2024-10-16,English
GH-AELWV,Qasim Sankaran,Ops,Agent,2024-10-27,2024-12-02 15:46:13,2024-12-22 04:43:17,T3,B12,SEC-CPIG0,8,False,,2024-11-29,English
SEC-HJIVJ,Bhavani Bir,Ops,Agent,2024-10-28,2024-10-31 17:46:28,2024-11-03 08:33:38,T3,B12,MTC-3TO8Y,8,False,,2024-11-12,English
SEC-VGM81,Nidhi Raman,Ops,Agent,2024-12-08,2024-10-27 00:58:26,2024-12-22 19:09:16,T3,B12,CC-YWNRW,8,False,,2024-11-06,English
MTC-8S4EA,Mugdha Venkatesh,Ops,Agent,2024-10-18,2024-11-03 11:28:16,2024-10-21 04:19:37,T3,B12,SEC-G091A,8,False,,2024-12-01,English
RET-7XZ29,Hema Trivedi,Ops,Agent,2024-10-17,2024-10-13 03:18:35,2024-10-18 04:20:06,T3,B12,SEC-SVD49,8,False,,2024-11-27,English
GH-ETB3K,Netra Salvi,Ops,Agent,2024-11-29,2024-11-09 18:59:17,2024-11-10 20:12:18,T3,B12,CC-SPMNP,8,False,,2024-10-23,English
SEC-RZM4K,Joshua Kadakia,Ops,Agent,2024-11-14,2024-12-26 09:28:35,2024-11-04 22:07:57,T3,B12,CC-2ZA3E,8,False,,2024-10-22,English
OPS-BH9UH,Orinder Tank,Ops,Agent,2024-10-12,2024-10-28 22:31:48,2024-10-04 13:09:50,T3,B12,MTC-D6BTI,8,False,,2024-10-14,English
OPS-0262S,Matthew Krishnamurthy,Ops,Agent,2024-10-30,2024-12-29 03:12:08,2024-11-02 16:50:05,T3,B12,RET-5Z3P0,8,False,,2024-11-20,English
OPS-22BCL,Simon Chandra,Ops,Agent,2024-10-02,2024-10-03 04:16:35,2024-12-01 07:27:21,T3,B12,MTC-VA511,8,False,,2024-11-02,English
MTC-VWCMA,Patrick Garg,Ops,Agent,2024-11-02,2024-12-11 03:26:34,2024-10-04 09:36:58,T3,B12,CC-T4RNC,8,False,,2024-12-15,English
SEC-MMYZR,Yadavi Luthra,Ops,Agent,2024-11-16,2024-12-26 10:03:25,2024-10-26 16:09:49,T3,B12,MTC-0NV7K,8,False,,2024-10-16,English
SEC-VGXWZ,Amrita Barman,Ops,Agent,2024-12-01,2024-11-14 08:03:20,2024-10-13 22:22:36,T3,B12,RET-VAU81,8,False,,2024-10-29,English
GH-8ZEJ6,Jeevika Warrior,Ops,Agent,2024-11-22,2024-11-21 05:05:47,2024-11-09 09:09:45,T3,B12,GH-T8NJV,8,False,,2024-12-16,English
MTC-M6WKX,Lucky Pal,Ops,Agent,2024-12-05,2024-10-26 00:31:51,2024-11-24 06:23:26,T3,B12,OPS-TMLOR,8,False,,2024-10-02,English
RET-JXX26,Kiaan Sarin,Ops,Agent,2024-10-14,2024-11-28 17:07:38,2024-12-05 22:55:31,T3,B12,RET-POTH5,8,False,,2024-10-24,English
OPS-1G2HT,Lajita Pillay,Ops,Agent,2024-12-01,2024-12-16 17:58:18,2024-11-12 02:47:52,T3,B12,OPS-D8NCH,8,False,,2024-10-28,English
MTC-LA1SY,Balhaar Soman,Ops,Agent,2024-11-20,2024-12-25 09:03:41,2024-12-24 21:35:58,T3,B12,OPS-MEJG6,8,False,,2024-11-11,English
OPS-5P1QT,Laban Kulkarni,Ops,Agent,2024-12-10,2024-11-16 11:53:40,2024-11-20 10:05:45,T3,B12,MTC-HAFA3,8,False,,2024-12-22,English
GH-RNVLX,Sanya Chacko,Ops,Agent,2024-11-28,2024-10-26 12:44:16,2024-12-06 21:26:48,T3,B12,GH-DE5E6,8,False,,2024-12-04,English
OPS-LO81K,Naksh Sinha,Ops,Agent,2024-12-26,2024-12-04 06:52:39,2024-11-07 23:31:11,T3,B12,SEC-JCRE1,8,False,,2024-12-24,English
OPS-1UD39,Aarush Dada,Ops,Agent,2024-12-07,2024-11-19 04:31:09,2024-12-04 00:47:29,T3,B12,RET-0OPXV,8,False,,2024-10-18,English
RET-JJQ54,Dalaja Chaudhari,Ops,Agent,2024-12-28,2024-12-20 09:49:48,2024-10-20 16:44:03,T3,B12,GH-Q7JF4,8,False,,2024-10-17,English
CC-RR7YA,Abhimanyu Sem,Ops,Agent,2024-10-20,2024-12-20 07:03:40,2024-11-25 21:03:20,T3,B12,CC-GZQOJ,8,False,,2024-11-29,English
SEC-QSU5F,Qadim Kibe,Ops,Agent,2024-12-25,2024-11-09 12:46:40,2024-11-08 21:01:33,T3,B12,MTC-279H4,8,False,,2024-11-12,English
OPS-4LL78,Vaishnavi Yohannan,Ops,Agent,2024-12-02,2024-11-05 21:31:05,2024-12-21 22:02:25,T3,B12,CC-BQ4J2,8,False,,2024-12-03,English
OPS-QSNS4,Sarthak Garg,Ops,Agent,2024-12-11,2024-10-03 16:13:06,2024-12-30 14:08:11,T3,B12,CC-W17QR,8,False,,2024-10-13,English
RET-78ZPH,Jalsa Raj,Ops,Agent,2024-10-12,2024-10-02 20:54:37,2024-12-16 22:58:30,T3,B12,GH-U2296,8,False,,2024-12-11,English
MTC-9D56Y,Kabir Nanda,Ops,Agent,2024-10-31,2024-12-23 08:39:52,2024-10-20 22:20:39,T3,B12,CC-GIIK3,8,False,,2024-12-06,English
MTC-H6HII,Nandini Radhakrishnan,Ops,Agent,2024-11-04,2024-10-23 21:36:55,2024-10-25 05:46:58,T3,B12,OPS-KT500,8,False,,2024-12-09,English
SEC-BFAYO,Nandini Tara,Ops,Agent,2024-10-23,2024-12-08 14:45:44,2024-10-12 23:11:58,T3,B12,OPS-89LZI,8,False,,2024-11-28,English
RET-J5IML,Vasana Setty,Ops,Agent,2024-11-20,2024-11-19 17:30:31,2024-12-26 22:34:14,T3,B12,MTC-DSO2E,8,False,,2024-11-21,English
CC-06Q39,Peter Dalal,Ops,Agent,2024-10-20,2024-10-20 03:40:57,2024-10-08 05:02:19,T3,B12,CC-Z2Y4W,8,False,,2024-12-28,English
CC-P3CBZ,Daksh Sagar,Ops,Agent,2024-10-18,2024-12-26 12:31:59,2024-10-03 20:39:56,T3,B12,MTC-RH2ON,8,False,,2024-12-27,English
MTC-FEN43,Priya Tara,Ops,Agent,2024-11-09,2024-12-16 01:01:25,2024-10-12 02:25:31,T3,B12,CC-H1C5C,8,False,,2024-11-12,English
OPS-WVPCS,Siddharth Brahmbhatt,Ops,Agent,2024-10-13,2024-11-08 16:03:38,2024-10-12 13:16:22,T3,B12,CC-7CLNL,8,False,,2024-10-04,English
RET-BDOZ4,Kiaan Solanki,Ops,Agent,2024-10-08,2024-12-10 03:48:35,2024-11-02 03:24:01,T3,B12,OPS-2WYSZ,8,False,,2024-12-08,English
GH-VYARG,Unnati Kalita,Ops,Agent,2024-10-05,2024-11-01 05:10:27,2024-12-20 08:51:52,T3,B12,SEC-K0S3U,8,False,,2024-10-01,English
GH-2VTV7,Garima Bhagat,Ops,Agent,2024-12-20,2024-11-05 01:30:31,2024-11-14 02:40:06,T3,B12,RET-TPP4T,8,False,,2024-11-11,English
CC-Y9FL6,Charita Mital,Ops,Agent,2024-11-13,2024-10-19 02:08:09,2024-11-27 10:22:48,T3,B12,MTC-CSOXD,8,False,,2024-12-13,English
MTC-L0M8W,Chandani Kunda,Ops,Agent,2024-11-01,2024-11-19 10:06:15,2024-12-26 05:29:14,T3,B12,RET-93Y8B,8,False,,2024-10-14,English
OPS-C3HFH,Unnati Agrawal,Ops,Agent,2024-10-17,2024-10-26 23:24:47,2024-12-27 19:08:48,T3,B12,RET-EQHJE,8,False,,2024-10-16,English
OPS-CBGQ9,Deepa Aggarwal,Ops,Agent,2024-12-25,2024-12-12 07:09:57,2024-12-16 02:50:10,T3,B12,CC-49PS8,8,False,,2024-11-27,English
SEC-T1ODU,Rudra Gupta,Ops,Agent,2024-11-03,2024-10-22 16:15:48,2024-10-26 22:46:51,T3,B12,RET-OBZUA,8,False,,2024-12-14,English
GH-LVK2R,Leela Raju,Ops,Agent,2024-10-16,2024-11-28 15:32:48,2024-10-27 18:29:41,T3,B12,GH-FS5WV,8,False,,2024-12-20,English
OPS-ZEI68,Sai Bera,Ops,Agent,2024-12-25,2024-10-17 07:51:10,2024-12-10 03:06:53,T3,B12,OPS-VABKE,8,False,,2024-12-21,English
MTC-KSIEX,Ubika Chokshi,Ops,Agent,2024-10-11,2024-12-30 10:57:27,2024-11-24 11:27:15,T3,B12,GH-475A9,8,False,,2024-11-14,English
CC-U3MDI,Oscar Sama,Ops,Agent,2024-11-28,2024-10-10 13:08:42,2024-12-16 13:31:43,T3,B12,RET-TFMY1,8,False,,2024-10-09,English
CC-CEKUT,Sudiksha Ramesh,Ops,Agent,2024-11-13,2024-10-11 20:44:40,2024-11-05 16:49:02,T3,B12,RET-WAYS6,8,False,,2024-10-12,English
OPS-4EC10,Ryan Wable,Ops,Agent,2024-12-14,2024-11-19 00:17:04,2024-12-05 10:14:28,T3,B12,CC-WP6P2,8,False,,2024-12-17,English
CC-3OACO,Nidra Bora,Ops,Agent,2024-12-12,2024-10-22 10:00:11,2024-10-13 08:03:32,T3,B12,SEC-FQFE0,8,False,,2024-10-04,English
GH-5618K,Samaksh Tandon,Ops,Agent,2024-11-10,2024-12-12 12:16:26,2024-11-06 05:42:45,T3,B12,CC-6VX3R,8,False,,2024-12-09,English
MTC-IVDLU,Champak Kanda,Ops,Agent,2024-11-09,2024-12-11 01:37:15,2024-12-16 16:34:40,T3,B12,GH-39BDN,8,False,,2024-10-02,English
MTC-R9WIK,Onveer Johal,Ops,Agent,2024-12-05,2024-12-07 02:16:07,2024-10-19 02:49:28,T3,B12,RET-GZLT5,8,False,,2024-11-08,English
MTC-KBU1X,Ekta Thaker,Ops,Agent,2024-10-01,2024-10-06 23:41:21,2024-10-09 00:32:47,T3,B12,RET-UPW45,8,False,,2024-10-27,English
SEC-IKUEL,Jalsa Salvi,Ops,Agent,2024-12-17,2024-12-21 13:43:30,2024-11-13 12:08:45,T3,B12,OPS-UNSYT,8,False,,2024-10-25,English
MTC-H7U7E,Krish Bahri,Ops,Agent,2024-12-20,2024-11-28 21:17:02,2024-11-02 02:00:05,T3,B12,MTC-VDFQN,8,False,,2024-12-18,English
OPS-2SEQH,Tanveer Rajan,Ops,Agent,2024-10-03,2024-10-26 16:05:47,2024-10-09 05:57:12,T3,B12,SEC-TSVCF,8,False,,2024-12-27,English
MTC-TWQS1,Yatan Aurora,Ops,Agent,2024-12-18,2024-12-04 19:52:10,2024-11-17 05:05:31,T3,B12,GH-D2T2O,8,False,,2024-12-28,English
CC-CW1Q2,Krishna Kota,Ops,Agent,2024-11-25,2024-12-19 10:27:31,2024-11-30 01:15:39,T3,B12,GH-GPVZ6,8,False,,2024-12-06,English
MTC-HSANR,Edhitha Char,Ops,Agent,2024-11-28,2024-12-01 20:04:14,2024-12-17 04:49:59,T3,B12,MTC-71E4X,8,False,,2024-11-10,English
MTC-NX9A8,Zayyan Patla,Ops,Agent,2024-10-27,2024-10-19 18:14:40,2024-11-03 23:13:12,T3,B12,GH-XR0HT,8,False,,2024-11-13,English
SEC-TZTCC,Oscar Vasa,Ops,Agent,2024-11-06,2024-12-11 07:55:23,2024-11-07 21:44:52,T3,B12,CC-91AXP,8,False,,2024-11-06,English
CC-VLO4Q,Yagnesh Bhardwaj,Ops,Agent,2024-12-08,2024-10-26 15:27:23,2024-12-28 20:37:16,T3,B12,SEC-JHBJW,8,False,,2024-12-05,English
SEC-GANYZ,Wakeeta Mammen,Ops,Agent,2024-10-23,2024-11-11 04:13:53,2024-11-26 08:51:57,T3,B12,RET-QMD0N,8,False,,2024-10-17,English
SEC-GN21S,Gagan Dugal,Ops,Agent,2024-12-18,2024-10-19 10:16:37,2024-10-21 04:44:33,T3,B12,RET-QYJ6P,8,False,,2024-12-03,English
GH-4VMZG,Bhanumati Krishna,Ops,Agent,2024-10-09,2024-12-04 00:20:09,2024-11-29 07:18:27,T3,B12,GH-79D6W,8,False,,2024-12-07,English
GH-57K6P,Warda Vyas,Ops,Agent,2024-11-11,2024-11-23 03:13:34,2024-11-05 08:13:03,T3,B12,SEC-O0WGU,8,False,,2024-10-09,English
OPS-NG7H4,Anusha Vohra,Ops,Agent,2024-10-18,2024-10-03 18:34:31,2024-12-18 09:40:23,T3,B12,OPS-2HCSA,8,False,,2024-11-05,English
SEC-T8I58,Chandran Bajwa,Ops,Agent,2024-10-06,2024-12-29 20:07:06,2024-10-11 16:41:40,T3,B12,SEC-FHCZN,8,False,,2024-11-22,English
CC-1YHJ5,Leena Dass,Ops,Agent,2024-10-26,2024-11-03 06:52:47,2024-11-12 16:37:48,T3,B12,RET-NIUQ7,8,False,,2024-10-26,English
SEC-FZ8XB,Benjamin Mander,Ops,Agent,2024-11-22,2024-10-31 11:50:05,2024-12-03 01:54:30,T3,B12,GH-ZTWCO,8,False,,2024-12-26,English
OPS-JDW8F,Faris Khalsa,Ops,Agent,2024-12-11,2024-11-10 00:21:43,2024-12-04 17:52:51,T3,B12,CC-A81I3,8,False,,2024-12-15,English
OPS-ZX3KB,Chakrika Tripathi,Ops,Agent,2024-11-19,2024-11-26 19:17:24,2024-10-20 13:07:58,T3,B12,OPS-SDV6K,8,False,,2024-12-10,English
GH-PQIE3,Osha Mangat,Ops,Agent,2024-11-16,2024-10-08 06:55:52,2024-12-01 05:29:20,T3,B12,RET-DX51C,8,False,,2024-11-21,English
CC-MQ7NK,Zilmil Rau,Ops,Agent,2024-12-13,2024-10-29 07:43:00,2024-10-12 11:03:41,T3,B12,RET-827IC,8,False,,2024-11-07,English
MTC-YACKU,Falan Khalsa,Ops,Agent,2024-11-12,2024-10-29 12:47:01,2024-12-11 03:38:44,T3,B12,SEC-2EMW4,8,False,,2024-11-12,English
SEC-GD1PG,Lavanya Walla,Ops,Agent,2024-10-03,2024-12-03 11:02:30,2024-11-15 05:45:27,T3,B12,GH-BVI48,8,False,,2024-12-15,English
GH-2JFW7,Aahana Dey,Ops,Agent,2024-12-09,2024-11-01 01:05:24,2024-10-07 16:45:42,T3,B12,CC-H4W6Z,8,False,,2024-11-06,English
OPS-L2EY5,Max Bhatia,Ops,Agent,2024-11-13,2024-12-06 06:48:16,2024-11-24 00:07:17,T3,B12,SEC-ZME9C,8,False,,2024-12-14,English
OPS-R042H,Ganga Mannan,Ops,Agent,2024-10-10,2024-11-29 10:36:00,2024-12-11 23:01:11,T3,B12,MTC-93M54,8,False,,2024-10-11,English
OPS-AFJ3Z,Charvi Sahota,Ops,Agent,2024-11-16,2024-12-17 06:47:28,2024-12-20 17:57:15,T3,B12,SEC-JHHEE,8,False,,2024-10-15,English
MTC-LS41M,Raghav Varkey,Ops,Agent,2024-10-17,2024-11-24 22:51:33,2024-12-12 16:39:19,T3,B12,RET-1ZYPA,8,False,,2024-10-29,English
CC-61ZW4,Jonathan Dubey,Ops,Agent,2024-10-11,2024-12-12 19:12:45,2024-12-21 14:31:52,T3,B12,CC-Q418V,8,False,,2024-10-19,English
GH-P3M5K,Dayamai Dutta,Ops,Agent,2024-12-17,2024-12-15 16:33:21,2024-10-26 10:50:37,T3,B12,GH-IOUKV,8,False,,2024-12-02,English
RET-8Q0VI,Matthew Sachar,Ops,Agent,2024-10-27,2024-12-27 03:03:12,2024-11-09 05:56:18,T3,B12,CC-891M3,8,False,,2024-12-09,English
OPS-87S35,Daksh Mane,Ops,Agent,2024-12-07,2024-12-23 14:15:59,2024-11-12 22:40:43,T3,B12,GH-R6K1H,8,False,,2024-10-18,English
MTC-1K4RA,Raagini Rattan,Ops,Agent,2024-11-12,2024-12-09 23:57:37,2024-12-21 23:57:47,T3,B12,CC-YQ08R,8,False,,2024-11-16,English
CC-EJ1B9,Shivani Handa,Ops,Agent,2024-12-23,2024-12-27 01:06:49,2024-11-18 13:08:59,T3,B12,GH-BJ3IQ,8,False,,2024-10-15,English
MTC-TRS10,Anvi Wali,Ops,Agent,2024-11-03,2024-10-01 18:01:26,2024-10-20 22:50:28,T3,B12,CC-UL44K,8,False,,2024-10-05,English
MTC-C8I3R,Gayathri Dara,Ops,Agent,2024-10-14,2024-12-02 11:03:29,2024-11-04 03:20:22,T3,B12,MTC-RNVUT,8,False,,2024-11-11,English
MTC-UX92U,Luke Kota,Ops,Agent,2024-12-20,2024-10-25 04:08:07,2024-12-07 11:43:45,T3,B12,CC-U1Y3H,8,False,,2024-12-12,English
SEC-KC7CI,Vritti Ravel,Ops,Agent,2024-11-22,2024-10-16 00:07:10,2024-10-14 01:14:31,T3,B12,CC-GEFZS,8,False,,2024-12-13,English
GH-N71IM,Krishna Vala,Ops,Agent,2024-11-23,2024-10-16 00:29:19,2024-12-16 06:32:13,T3,B12,RET-SCVQD,8,False,,2024-12-21,English
GH-NEFGH,Michael Borah,Ops,Agent,2024-12-13,2024-12-09 03:27:47,2024-11-10 11:10:32,T3,B12,RET-WWPT8,8,False,,2024-11-17,English
GH-7IW14,Pavani Saxena,Ops,Agent,2024-12-27,2024-10-12 18:12:21,2024-11-05 08:50:11,T3,B12,CC-DZ9QT,8,False,,2024-11-24,English
GH-RRWP4,Suhani Yogi,Ops,Agent,2024-12-06,2024-12-09 02:41:18,2024-12-14 10:28:43,T3,B12,GH-9MRUH,8,False,,2024-10-05,English
CC-W5SM8,Ucchal Karan,Ops,Agent,2024-11-18,2024-10-07 19:32:36,2024-11-16 21:00:14,T3,B12,CC-ZWM7C,8,False,,2024-12-30,English
GH-M0KMG,Isaac Nath,Ops,Agent,2024-11-10,2024-10-21 06:22:52,2024-10-10 10:08:12,T3,B12,CC-302KW,8,False,,2024-12-05,English
MTC-ZXA5U,Charles Doshi,Ops,Agent,2024-11-28,2024-11-30 14:41:25,2024-12-09 17:33:04,T3,B12,SEC-LQMZ8,8,False,,2024-10-31,English
GH-M2TTQ,Sneha Chauhan,Ops,Agent,2024-12-09,2024-12-18 10:45:31,2024-12-08 06:50:11,T3,B12,SEC-GIJFQ,8,False,,2024-10-31,English
RET-253GM,Mason Ranganathan,Ops,Agent,2024-10-06,2024-11-12 11:58:07,2024-10-30 04:30:33,T3,B12,MTC-YUHS9,8,False,,2024-10-09,English
CC-LJE09,Yashasvi Mitra,Ops,Agent,2024-12-21,2024-10-23 14:42:55,2024-10-10 09:56:14,T3,B12,OPS-5ZBK9,8,False,,2024-12-16,English
CC-DQ0OZ,Vivaan Kota,Ops,Agent,2024-11-08,2024-10-01 13:05:06,2024-11-08 22:13:19,T3,B12,OPS-K7D5Y,8,False,,2024-11-28,English
GH-KHDPA,Anusha Krishnamurthy,Ops,Agent,2024-10-02,2024-11-17 20:43:58,2024-10-08 04:29:56,T3,B12,SEC-WGK4J,8,False,,2024-11-07,English
GH-1PIWQ,Yashvi Koshy,Ops,Agent,2024-10-21,2024-11-28 15:09:52,2024-11-01 14:25:12,T3,B12,OPS-UPDHG,8,False,,2024-11-28,English
RET-Z9UMT,Girish Kunda,Ops,Agent,2024-12-30,2024-12-24 15:12:12,2024-10-31 14:32:09,T3,B12,SEC-3MFA3,8,False,,2024-12-01,English
OPS-A40NW,Zinal Date,Ops,Agent,2024-12-02,2024-11-20 21:53:28,2024-12-11 18:16:48,T3,B12,GH-ZV6B2,8,False,,2024-10-25,English
CC-XZT50,Naveen Pau,Ops,Agent,2024-10-28,2024-10-08 22:13:10,2024-10-10 09:11:07,T3,B12,GH-2WNXY,8,False,,2024-10-23,English
RET-O1B54,Chandani Rajan,Ops,Agent,2024-12-25,2024-10-15 21:39:08,2024-12-19 09:12:45,T3,B12,SEC-RD7OH,8,False,,2024-12-01,English
GH-MX5ID,Xavier Soni,Ops,Agent,2024-11-30,2024-11-24 00:01:03,2024-12-27 11:25:33,T3,B12,MTC-Y7TNI,8,False,,2024-10-05,English
OPS-GV1QW,Ekbal Pai,Ops,Agent,2024-12-04,2024-11-03 12:59:34,2024-11-15 13:12:25,T3,B12,MTC-IHDXU,8,False,,2024-12-10,English
OPS-CEZNR,Anjali Dada,Ops,Agent,2024-11-05,2024-11-25 22:14:55,2024-11-10 20:27:42,T3,B12,GH-RBXZ7,8,False,,2024-10-26,English
OPS-33FUE,Kavya Goel,Ops,Agent,2024-11-20,2024-12-18 08:29:00,2024-10-07 10:40:59,T3,B12,MTC-RVQBK,8,False,,2024-10-28,English
OPS-7RXIQ,Manbir Mitter,Ops,Agent,2024-10-18,2024-10-17 10:25:31,2024-11-06 21:24:34,T3,B12,RET-EEKM3,8,False,,2024-11-05,English
OPS-AZ0VC,Mason Vala,Ops,Agent,2024-10-28,2024-11-26 23:41:11,2024-11-22 14:15:27,T3,B12,CC-ZEXPD,8,False,,2024-11-22,English
RET-W4CW8,Vivaan Khatri,Ops,Agent,2024-12-25,2024-11-02 23:40:34,2024-12-02 07:52:31,T3,B12,MTC-7Q4N7,8,False,,2024-10-09,English
CC-PQ306,Ronith Roy,Ops,Agent,2024-11-01,2024-10-16 08:59:16,2024-12-01 01:52:31,T3,B12,CC-139ML,8,False,,2024-10-16,English
OPS-ADT8F,Tejas Chakraborty,Ops,Agent,2024-11-09,2024-10-11 23:11:37,2024-10-08 18:18:42,T3,B12,SEC-P829H,8,False,,2024-11-04,English
CC-555VJ,Januja Gaba,Ops,Agent,2024-11-09,2024-12-28 21:23:14,2024-10-01 05:45:37,T3,B12,SEC-5PYTN,8,False,,2024-11-21,English
RET-DDJLM,Ronith Aggarwal,Ops,Agent,2024-10-12,2024-12-03 17:29:22,2024-11-08 09:40:20,T3,B12,CC-7H7FZ,8,False,,2024-12-13,English
RET-HKGZF,Indira Butala,Ops,Agent,2024-11-12,2024-10-21 07:44:03,2024-11-30 15:09:53,T3,B12,OPS-U6Q5Z,8,False,,2024-12-04,English
GH-VGCLR,Anusha Solanki,Ops,Agent,2024-12-10,2024-11-25 13:22:07,2024-10-29 23:46:42,T3,B12,OPS-0WW4B,8,False,,2024-10-13,English
OPS-KKOTV,Ria Maharaj,Ops,Agent,2024-11-25,2024-12-15 15:57:21,2024-11-23 03:06:49,T3,B12,GH-4GPTY,8,False,,2024-12-24,English
SEC-RCXH3,Priya Karnik,Ops,Agent,2024-10-29,2024-12-07 16:15:00,2024-11-09 06:04:52,T3,B12,SEC-HHDHJ,8,False,,2024-10-14,English
RET-QB2VZ,Tristan Atwal,Ops,Agent,2024-10-06,2024-11-02 01:21:59,2024-11-19 22:46:24,T3,B12,MTC-EN6AB,8,False,,2024-11-10,English
RET-80U2X,Tripti Yohannan,Ops,Agent,2024-10-15,2024-10-12 03:42:20,2024-10-18 12:24:11,T3,B12,MTC-0ARLM,8,False,,2024-11-14,English
SEC-IK6KH,Zarna Ramanathan,Ops,Agent,2024-12-08,2024-12-12 19:56:33,2024-12-25 23:00:30,T3,B12,RET-D3JDW,8,False,,2024-12-23,English
CC-XBECJ,Nathan Dada,Ops,Agent,2024-11-04,2024-12-23 11:33:00,2024-12-02 05:06:04,T3,B12,CC-0CRWE,8,False,,2024-12-15,English
RET-71NPV,Nidhi Ganesh,Ops,Agent,2024-11-02,2024-12-17 00:51:09,2024-10-04 11:30:37,T3,B12,RET-7RH8B,8,False,,2024-10-07,English
OPS-IS302,Wishi Rattan,Ops,Agent,2024-12-30,2024-11-12 18:24:03,2024-11-20 09:46:45,T3,B12,SEC-05EBN,8,False,,2024-10-03,English
SEC-0C9Z3,Siddharth Bera,Ops,Agent,2024-12-26,2024-11-19 07:08:43,2024-12-14 22:17:04,T3,B12,SEC-KIB5I,8,False,,2024-10-28,English
CC-49CZP,Hardik Zacharia,Ops,Agent,2024-11-18,2024-10-07 13:52:22,2024-11-08 08:57:05,T3,B12,CC-DRBHJ,8,False,,2024-10-12,English
CC-NESK0,Nilima Chaudhry,Ops,Agent,2024-10-19,2024-10-20 07:24:50,2024-10-08 23:12:00,T3,B12,SEC-9DR3F,8,False,,2024-12-18,English
MTC-BQF3F,Samesh Kakar,Ops,Agent,2024-10-08,2024-10-28 02:40:11,2024-10-23 04:35:54,T3,B12,CC-3YLLP,8,False,,2024-12-04,English
MTC-HUXZ2,Fariq Narayan,Ops,Agent,2024-10-09,2024-12-04 14:04:09,2024-12-21 16:18:49,T3,B12,OPS-FKS6D,8,False,,2024-11-01,English
GH-Q7VZC,Suhani Bajwa,Ops,Agent,2024-10-26,2024-11-30 22:40:34,2024-12-11 18:04:46,T3,B12,RET-D0U3O,8,False,,2024-11-24,English
MTC-8YDW8,Chakradev Sem,Ops,Agent,2024-11-13,2024-11-15 20:23:10,2024-10-05 21:55:31,T3,B12,GH-452UF,8,False,,2024-10-08,English
MTC-C338G,Aradhana Kala,Ops,Agent,2024-11-19,2024-12-17 18:06:16,2024-10-30 15:22:12,T3,B12,OPS-RD48B,8,False,,2024-12-20,English
GH-SV1QV,Ekansh Karpe,Ops,Agent,2024-11-19,2024-12-05 13:00:07,2024-10-11 10:29:02,T3,B12,SEC-EY5CB,8,False,,2024-11-06,English
MTC-9HY3J,Aditya Sane,Ops,Agent,2024-10-07,2024-12-12 22:49:44,2024-12-05 16:13:09,T3,B12,CC-LRLMW,8,False,,2024-11-29,English
MTC-9Z84G,Ekbal Mandal,Ops,Agent,2024-11-28,2024-10-11 04:46:28,2024-10-07 16:10:34,T3,B12,RET-6UUNM,8,False,,2024-12-15,English
RET-J8GCU,Riya Chander,Ops,Agent,2024-11-07,2024-10-20 15:07:49,2024-11-06 09:52:31,T3,B12,OPS-64RKF,8,False,,2024-11-04,English
MTC-R7Y2S,Oni Raju,Ops,Agent,2024-12-17,2024-12-24 17:20:33,2024-12-10 15:46:11,T3,B12,GH-7WBPA,8,False,,2024-10-02,English
SEC-EMWH1,Yashodhara Lata,Ops,Agent,2024-11-09,2024-11-26 03:04:47,2024-12-22 17:17:59,T3,B12,MTC-ILQKS,8,False,,2024-12-19,English
RET-E1HP3,Jack Sant,Ops,Agent,2024-12-28,2024-11-26 20:36:25,2024-11-06 21:45:36,T3,B12,OPS-LZG1N,8,False,,2024-12-30,English
OPS-B2ORP,Avi Hayer,Ops,Agent,2024-11-24,2024-10-09 12:26:19,2024-12-11 18:46:07,T3,B12,CC-0U9OF,8,False,,2024-10-15,English
RET-2EU72,Ranbir Raval,Ops,Agent,2024-10-26,2024-11-27 05:14:55,2024-10-11 12:36:54,T3,B12,GH-DA3RS,8,False,,2024-11-20,English
CC-7YX93,Abhimanyu Mandal,Ops,Agent,2024-12-13,2024-10-22 05:45:10,2024-12-18 11:52:32,T3,B12,OPS-ZYXDG,8,False,,2024-10-28,English
OPS-LMOI2,Netra Tiwari,Ops,Agent,2024-12-26,2024-12-17 06:10:14,2024-12-10 05:19:58,T3,B12,GH-KJXM0,8,False,,2024-11-14,English
RET-N9JF8,Robert Nagi,Ops,Agent,2024-11-05,2024-12-17 00:17:08,2024-10-25 03:19:35,T3,B12,RET-89WZT,8,False,,2024-12-10,English
OPS-OOYJO,Abhiram Lad,Ops,Agent,2024-10-23,2024-10-09 20:20:01,2024-12-05 15:10:42,T3,B12,CC-L6GIU,8,False,,2024-11-25,English
OPS-8ZWQ6,Zehaan Bail,Ops,Agent,2024-11-01,2024-10-28 00:35:30,2024-11-28 14:13:54,T3,B12,MTC-1FU4L,8,False,,2024-11-17,English
GH-57YSY,Parth Hayer,Ops,Agent,2024-12-29,2024-10-31 10:07:28,2024-12-12 18:53:26,T3,B12,MTC-4NHSH,8,False,,2024-11-09,English
CC-11HE7,Warda Sharma,Ops,Agent,2024-11-07,2024-10-28 07:39:17,2024-10-04 17:56:49,T3,B12,MTC-430R3,8,False,,2024-10-08,English
OPS-2W0IV,Hardik Chaudhari,Ops,Agent,2024-11-10,2024-10-19 15:44:34,2024-10-10 18:58:12,T3,B12,GH-BJZQE,8,False,,2024-10-04,English
SEC-AGONX,Deepa Subramaniam,Ops,Agent,2024-12-15,2024-12-25 19:09:44,2024-10-15 23:31:31,T3,B12,SEC-I5F08,8,False,,2024-10-18,English
MTC-KS52R,Vaishnavi Sule,Ops,Agent,2024-11-20,2024-12-03 00:17:25,2024-10-29 22:00:03,T3,B12,MTC-0JKVX,8,False,,2024-12-03,English
MTC-B97HP,Warinder Ramesh,Ops,Agent,2024-10-30,2024-10-16 16:31:50,2024-11-03 13:21:28,T3,B12,RET-8LXSM,8,False,,2024-11-26,English
MTC-BXCEY,Chandresh Chanda,Ops,Agent,2024-10-10,2024-11-01 15:21:12,2024-12-17 08:55:14,T3,B12,SEC-Z0E1O,8,False,,2024-10-15,English
CC-M4H2X,Jasmit Baria,Ops,Agent,2024-10-03,2024-10-14 07:15:43,2024-12-12 05:26:11,T3,B12,SEC-9R98M,8,False,,2024-11-01,English
SEC-ENMQM,Charita Mital,Ops,Agent,2024-11-01,2024-11-23 08:06:51,2024-11-25 05:50:30,T3,B12,GH-QS6EG,8,False,,2024-11-27,English
MTC-KGY9I,Nirja Puri,Ops,Agent,2024-12-07,2024-10-12 22:07:55,2024-11-23 03:36:34,T3,B12,MTC-3TI14,8,False,,2024-11-06,English
RET-ZX1I2,Yauvani Bera,Ops,Agent,2024-10-31,2024-12-08 14:28:00,2024-10-25 01:52:04,T3,B12,MTC-QIXQT,8,False,,2024-12-10,English
RET-6H8J0,Upkaar Batta,Ops,Agent,2024-10-19,2024-10-04 13:35:56,2024-12-20 14:01:29,T3,B12,RET-1DAEG,8,False,,2024-12-20,English
OPS-0N9UB,Yachana Contractor,Ops,Agent,2024-10-30,2024-11-03 12:43:53,2024-12-21 17:02:06,T3,B12,MTC-3HMLR,8,False,,2024-10-01,English
RET-5QVPH,Mason Sawhney,Ops,Agent,2024-10-14,2024-10-22 15:37:25,2024-10-22 14:32:02,T3,B12,MTC-R5269,8,False,,2024-12-10,English
GH-JW5XY,Ishaan Sachdeva,Ops,Agent,2024-11-19,2024-10-15 07:42:21,2024-12-28 22:14:08,T3,B12,RET-0NPLO,8,False,,2024-11-01,English
GH-0FBZM,Mason Sethi,Ops,Agent,2024-11-14,2024-11-04 07:17:30,2024-12-09 06:13:21,T3,B12,CC-FCDR7,8,False,,2024-11-18,English
GH-3H9OZ,Avi Tara,Ops,Agent,2024-12-16,2024-10-12 01:49:15,2024-10-22 12:26:39,T3,B12,RET-1FL31,8,False,,2024-11-09,English
CC-5E6WI,Rehaan Golla,Ops,Agent,2024-10-12,2024-12-25 12:04:02,2024-10-07 08:05:35,T3,B12,MTC-QKXYE,8,False,,2024-12-26,English
RET-QWE7U,Vanya Goswami,Ops,Agent,2024-11-14,2024-12-15 01:31:39,2024-12-23 12:11:25,T3,B12,GH-2ANEV,8,False,,2024-10-02,English
RET-3CEKX,Saumya Date,Ops,Agent,2024-10-17,2024-10-19 09:59:59,2024-10-21 12:52:16,T3,B12,SEC-L9F9E,8,False,,2024-11-28,English
MTC-E2UBS,Pooja Dhingra,Ops,Agent,2024-12-26,2024-11-02 18:58:39,2024-12-12 17:11:48,T3,B12,MTC-4TDTG,8,False,,2024-10-22,English
GH-SI5MN,Mohini Varkey,Ops,Agent,2024-12-10,2024-12-23 09:28:31,2024-10-30 04:38:39,T3,B12,OPS-J1ESM,8,False,,2024-10-19,English
SEC-K668L,Harshil Bhalla,Ops,Agent,2024-12-19,2024-10-25 06:03:27,2024-11-21 21:26:10,T3,B12,RET-9X4VF,8,False,,2024-12-19,English
RET-NQFZP,Avi Kari,Ops,Agent,2024-10-10,2024-12-16 02:14:02,2024-10-18 08:49:52,T3,B12,CC-7Z3I8,8,False,,2024-10-02,English
MTC-4DSF4,Vasana Soman,Ops,Agent,2024-12-19,2024-10-01 19:07:46,2024-10-17 22:25:32,T3,B12,GH-M9KGL,8,False,,2024-10-09,English
GH-7L645,Wishi Naidu,Ops,Agent,2024-10-21,2024-10-18 22:44:52,2024-10-14 13:28:37,T3,B12,CC-O4ASX,8,False,,2024-10-06,English
OPS-DZVFF,Tara Madan,Ops,Agent,2024-11-10,2024-12-09 12:16:14,2024-10-29 16:06:35,T3,B12,GH-T8N8V,8,False,,2024-10-29,English
RET-DBYND,Upadhriti Doctor,Ops,Agent,2024-10-21,2024-10-20 04:09:24,2024-10-02 19:16:04,T3,B12,CC-EVC4D,8,False,,2024-10-21,English
OPS-R5WLW,Bishakha Menon,Ops,Agent,2024-11-22,2024-10-30 04:22:11,2024-12-22 22:14:47,T3,B12,MTC-5C8H3,8,False,,2024-12-18,English
CC-2R0IG,Manan Walla,Ops,Agent,2024-11-21,2024-10-30 05:59:59,2024-10-28 11:12:31,T3,B12,OPS-A2J0Z,8,False,,2024-10-17,English
GH-3FKXP,Balvan Ganesan,Ops,Agent,2024-10-05,2024-11-17 00:17:38,2024-12-23 08:57:12,T3,B12,SEC-PY0WS,8,False,,2024-12-14,English
RET-XTVUA,Owen Tella,Ops,Agent,2024-10-19,2024-11-03 14:05:16,2024-10-30 03:46:52,T3,B12,GH-ILRJN,8,False,,2024-10-21,English
SEC-PHVPQ,Gopal Zacharia,Ops,Agent,2024-12-21,2024-12-28 16:06:36,2024-11-24 17:24:10,T3,B12,SEC-2NWWD,8,False,,2024-12-06,English
MTC-AR8FU,Ikbal Bail,Ops,Agent,2024-10-16,2024-12-21 08:15:17,2024-10-29 20:17:22,T3,B12,GH-CDNZ6,8,False,,2024-10-09,English
OPS-YOBI2,Adya Datta,Ops,Agent,2024-10-24,2024-10-27 22:58:10,2024-11-04 13:56:39,T3,B12,OPS-VNL4C,8,False,,2024-10-26,English
MTC-DFJVX,Brijesh Chaudhary,Ops,Agent,2024-10-05,2024-11-25 18:38:17,2024-10-21 04:58:13,T3,B12,OPS-8YWK5,8,False,,2024-12-21,English
GH-KKTY8,Udarsh Guha,Ops,Agent,2024-10-19,2024-10-05 11:22:51,2024-11-01 10:07:57,T3,B12,CC-VYBFE,8,False,,2024-12-06,English
SEC-2LNWA,Gaurangi Manne,Ops,Agent,2024-12-01,2024-11-22 02:31:13,2024-11-21 06:31:13,T3,B12,MTC-F5VE3,8,False,,2024-12-18,English
GH-021JH,Girish Arya,Ops,Agent,2024-11-28,2024-12-23 01:34:09,2024-10-19 14:04:27,T3,B12,GH-P07DZ,8,False,,2024-10-20,English
MTC-Y158N,Veer Sachdev,Ops,Agent,2024-12-09,2024-12-12 11:23:57,2024-11-18 04:59:32,T3,B12,CC-VUNMX,8,False,,2024-10-04,English
OPS-69S21,Samarth Butala,Ops,Agent,2024-12-06,2024-10-09 09:25:54,2024-11-07 07:42:17,T3,B12,GH-HODVL,8,False,,2024-12-18,English
RET-IAAE4,Janaki Loyal,Ops,Agent,2024-11-05,2024-12-25 22:31:45,2024-12-09 05:41:10,T3,B12,CC-6DJKF,8,False,,2024-12-10,English
RET-OWB05,Manthan Naidu,Ops,Agent,2024-11-22,2024-11-12 06:44:22,2024-11-15 11:39:02,T3,B12,OPS-TKJEK,8,False,,2024-10-17,English
RET-8PJ9C,Simon Barman,Ops,Agent,2024-11-05,2024-10-20 04:23:42,2024-11-07 21:04:52,T3,B12,GH-AVBXN,8,False,,2024-10-18,English
OPS-SPQQQ,Saanvi Prabhakar,Ops,Agent,2024-11-26,2024-10-14 21:22:24,2024-11-16 09:30:53,T3,B12,SEC-Z6Z3T,8,False,,2024-10-17,English
OPS-L6576,Rohan Menon,Ops,Agent,2024-12-05,2024-12-22 05:13:11,2024-10-18 18:14:08,T3,B12,MTC-G6J1K,8,False,,2024-10-02,English
MTC-LDS45,Vasana D’Alia,Ops,Agent,2024-10-15,2024-11-30 22:32:07,2024-11-22 19:56:47,T3,B12,SEC-1GAFN,8,False,,2024-11-11,English
GH-GT24H,Janani Kata,Ops,Agent,2024-12-09,2024-11-13 06:49:41,2024-12-24 07:56:51,T3,B12,GH-ENAWI,8,False,,2024-10-12,English
GH-RG6L2,Vyanjana Vasa,Ops,Agent,2024-10-03,2024-12-27 21:29:25,2024-10-24 01:13:24,T3,B12,OPS-EW4R7,8,False,,2024-12-09,English
RET-ZTC88,Balhaar Dey,Ops,Agent,2024-11-10,2024-12-13 08:07:23,2024-10-23 08:23:07,T3,B12,CC-1R01L,8,False,,2024-12-14,English
CC-LW99L,Gayathri Ganesh,Ops,Agent,2024-11-04,2024-12-04 08:10:29,2024-10-12 17:20:12,T3,B12,OPS-EOJ5A,8,False,,2024-10-31,English
MTC-JFQ4Y,Zayyan Kuruvilla,Ops,Agent,2024-11-21,2024-10-10 19:32:41,2024-11-26 23:59:14,T3,B12,MTC-ZSVD0,8,False,,2024-11-13,English
MTC-DO2TY,Lopa Virk,Ops,Agent,2024-10-03,2024-10-17 18:20:37,2024-12-30 04:44:37,T3,B12,OPS-HA3TK,8,False,,2024-11-29,English
MTC-QMKWS,Eesha Bhattacharyya,Ops,Agent,2024-10-17,2024-10-29 06:15:20,2024-10-11 02:26:05,T3,B12,SEC-RZEOS,8,False,,2024-12-03,English
MTC-PLFKN,Unnati Bassi,Ops,Agent,2024-11-06,2024-11-24 08:52:55,2024-10-28 05:33:38,T3,B12,GH-5JRIQ,8,False,,2024-12-24,English
SEC-TL2RJ,Saanvi Khanna,Ops,Agent,2024-10-26,2024-11-13 16:57:57,2024-11-17 19:45:41,T3,B12,MTC-UEA1Q,8,False,,2024-12-26,English
CC-0NV95,Matthew Kashyap,Ops,Agent,2024-12-13,2024-11-30 09:49:07,2024-11-25 08:18:58,T3,B12,RET-EAU7G,8,False,,2024-12-18,English
MTC-CRN11,Gaurang Bala,Ops,Agent,2024-12-11,2024-12-09 11:28:17,2024-10-15 17:30:07,T3,B12,GH-CREQ4,8,False,,2024-10-12,English
OPS-2PAXX,Damini Chada,Ops,Agent,2024-11-19,2024-10-31 14:08:26,2024-12-30 21:50:50,T3,B12,OPS-FG2IK,8,False,,2024-12-22,English
RET-MZO9P,Kiaan Mani,Ops,Agent,2024-10-11,2024-12-19 05:15:35,2024-10-08 14:22:00,T3,B12,OPS-83CWI,8,False,,2024-12-16,English
CC-78LPH,Azaan Chaudry,Ops,Agent,2024-12-09,2024-12-23 08:01:23,2024-12-01 01:39:55,T3,B12,CC-B85YV,8,False,,2024-12-06,English
CC-3L2BX,Lekha Ghose,Ops,Agent,2024-10-05,2024-11-23 23:19:54,2024-12-22 21:34:46,T3,B12,CC-OYL5B,8,False,,2024-12-19,English
MTC-6W9HD,Balveer Dada,Ops,Agent,2024-10-25,2024-11-14 05:58:10,2024-10-30 19:59:10,T3,B12,OPS-2GW9E,8,False,,2024-10-03,English
SEC-DPYYC,Robert Chaudhuri,Ops,Agent,2024-11-06,2024-12-24 15:24:21,2024-12-06 06:42:49,T3,B12,CC-47AMY,8,False,,2024-11-22,English
SEC-E89H1,Yutika Ravi,Ops,Agent,2024-10-11,2024-10-24 14:33:10,2024-11-17 19:56:21,T3,B12,CC-ZLW1Y,8,False,,2024-11-03,English
OPS-GZ7VC,Janaki Sibal,Ops,Agent,2024-10-06,2024-12-30 03:31:49,2024-10-31 06:42:26,T3,B12,RET-4DUXH,8,False,,2024-12-24,English
SEC-1JZWT,Simon Saha,Ops,Agent,2024-12-02,2024-11-05 16:14:32,2024-12-30 17:40:07,T3,B12,RET-RPI3K,8,False,,2024-12-03,English
GH-GD3QY,Vihaan Chaudhary,Ops,Agent,2024-11-02,2024-10-15 18:30:46,2024-12-18 01:40:02,T3,B12,OPS-MG43O,8,False,,2024-11-22,English
RET-C17KE,Yashasvi Cherian,Ops,Agent,2024-11-13,2024-11-21 08:55:16,2024-10-20 22:57:55,T3,B12,GH-YHPG9,8,False,,2024-11-14,English
CC-LUSF3,Bhavya Subramanian,Ops,Agent,2024-12-08,2024-12-15 22:35:03,2024-12-02 22:19:02,T3,B12,CC-IL85F,8,False,,2024-11-12,English
CC-TMJC9,Ethan Chad,Ops,Agent,2024-10-12,2024-11-26 00:13:12,2024-11-02 03:04:42,T3,B12,MTC-64R0D,8,False,,2024-12-08,English
CC-6QMHC,Isaiah Boase,Ops,Agent,2024-12-27,2024-12-13 20:12:37,2024-10-21 20:09:06,T3,B12,GH-4CKAY,8,False,,2024-12-05,English
SEC-ZUQQP,Jyoti Trivedi,Ops,Agent,2024-12-22,2024-11-06 17:47:09,2024-10-21 23:25:08,T3,B12,RET-16C2D,8,False,,2024-12-15,English
SEC-17EV2,Parth Shere,Ops,Agent,2024-10-19,2024-11-17 22:15:01,2024-10-06 03:22:13,T3,B12,RET-09F70,8,False,,2024-12-15,English
MTC-VRWB0,Abdul Walia,Ops,Agent,2024-11-26,2024-10-06 11:15:59,2024-12-12 04:19:12,T3,B12,MTC-1QC0B,8,False,,2024-10-31,English
RET-Y93HZ,Rachita Suri,Ops,Agent,2024-11-16,2024-12-04 16:57:35,2024-10-25 23:12:00,T3,B12,OPS-41DS0,8,False,,2024-10-31,English
SEC-UX7UM,Bahadurjit Nadig,Ops,Agent,2024-12-30,2024-12-23 18:21:29,2024-10-03 21:11:06,T3,B12,CC-1L4RW,8,False,,2024-10-27,English
MTC-ZV6U7,Ekta Subramanian,Ops,Agent,2024-12-26,2024-10-03 10:09:16,2024-11-11 11:33:44,T3,B12,CC-Q4GP9,8,False,,2024-11-28,English
CC-D1A36,Finn Pai,Ops,Agent,2024-10-17,2024-11-27 16:42:27,2024-11-09 22:33:11,T3,B12,RET-F9XEA,8,False,,2024-10-12,English
RET-DZ1BC,Vanya Ram,Ops,Agent,2024-10-21,2024-11-06 01:25:16,2024-11-19 13:19:20,T3,B12,RET-RC42R,8,False,,2024-12-03,English
CC-YTAGW,Tamanna Prabhakar,Ops,Agent,2024-12-30,2024-12-05 12:41:37,2024-12-19 20:16:08,T3,B12,RET-2KUD0,8,False,,2024-12-21,English
GH-QBD71,Triya Parmer,Ops,Agent,2024-10-26,2024-10-21 03:32:03,2024-11-10 07:16:31,T3,B12,GH-KAKM2,8,False,,2024-12-09,English
CC-M2KG0,Anika Balay,Ops,Agent,2024-12-05,2024-10-12 12:33:33,2024-12-14 13:17:00,T3,B12,CC-5PAKI,8,False,,2024-12-09,English
OPS-255TS,Gayathri Munshi,Ops,Agent,2024-12-01,2024-12-27 16:40:10,2024-11-10 08:54:02,T3,B12,SEC-JHZX6,8,False,,2024-11-21,English
GH-4F6OF,Dipta Upadhyay,Ops,Agent,2024-10-11,2024-10-04 03:04:03,2024-11-07 20:59:30,T3,B12,RET-IDYF6,8,False,,2024-10-10,English
SEC-G9KAA,Chaaya Tank,Ops,Agent,2024-10-24,2024-11-25 21:56:54,2024-12-14 18:51:38,T3,B12,SEC-8TUE7,8,False,,2024-12-05,English
MTC-7ZE1H,Shivani Mangal,Ops,Agent,2024-10-13,2024-10-16 16:52:18,2024-10-10 09:06:42,T3,B12,SEC-GWDDQ,8,False,,2024-10-22,English
RET-GVWVB,Gopal Sarma,Ops,Agent,2024-10-31,2024-10-16 02:12:38,2024-11-27 20:51:41,T3,B12,GH-CVK5C,8,False,,2024-10-14,English
GH-VLGP2,Leena Johal,Ops,Agent,2024-10-08,2024-12-13 19:39:53,2024-11-19 17:47:45,T3,B12,RET-W9QAX,8,False,,2024-12-08,English
GH-NLYZH,Anay Borde,Ops,Agent,2024-12-02,2024-10-15 08:16:30,2024-10-24 20:02:59,T3,B12,RET-161II,8,False,,2024-11-08,English
SEC-F3N6Q,Isaac Munshi,Ops,Agent,2024-12-05,2024-12-13 12:30:52,2024-10-29 13:12:18,T3,B12,MTC-2D4VD,8,False,,2024-12-13,English
OPS-SERWD,Nilima Ganguly,Ops,Agent,2024-10-02,2024-10-10 00:56:43,2024-11-13 20:10:40,T3,B12,OPS-EMTTA,8,False,,2024-11-14,English
CC-RAMKC,Gauri Golla,Ops,Agent,2024-12-15,2024-12-26 18:45:30,2024-10-31 06:49:29,T3,B12,SEC-KNJBH,8,False,,2024-12-04,English
CC-E8EX5,Unnati Ramachandran,Ops,Agent,2024-10-19,2024-12-05 01:15:02,2024-12-15 22:49:26,T3,B12,CC-4S0XJ,8,False,,2024-11-29,English
SEC-9EJ9X,Leena Pau,Ops,Agent,2024-12-30,2024-10-27 20:00:51,2024-11-17 01:12:04,T3,B12,SEC-DTEFK,8,False,,2024-11-26,English
CC-O6N1W,Oni Panchal,Ops,Agent,2024-10-31,2024-12-08 20:41:55,2024-12-15 12:00:12,T3,B12,CC-3HU5V,8,False,,2024-10-05,English
CC-GOADU,Harinakshi Borra,Ops,Agent,2024-12-16,2024-12-21 05:07:44,2024-11-03 11:33:49,T3,B12,MTC-FWFS0,8,False,,2024-12-26,English
CC-FL67F,Upma Kumer,Ops,Agent,2024-11-07,2024-11-30 11:14:03,2024-12-20 14:33:48,T3,B12,SEC-AY34R,8,False,,2024-12-04,English
OPS-FRUWA,Hemang Varma,Ops,Agent,2024-11-27,2024-10-17 17:14:46,2024-12-05 22:37:01,T3,B12,MTC-0KMOA,8,False,,2024-12-20,English
RET-SJR1G,Lakshit Mukherjee,Ops,Agent,2024-11-06,2024-10-06 00:49:16,2024-10-16 13:40:09,T3,B12,GH-QZM3I,8,False,,2024-11-15,English
SEC-U89NP,Widisha Ahluwalia,Ops,Agent,2024-12-28,2024-11-28 06:40:34,2024-12-27 18:16:58,T3,B12,GH-5KGP7,8,False,,2024-12-06,English
SEC-84O0J,Veda Samra,Ops,Agent,2024-10-27,2024-11-02 15:10:48,2024-10-08 16:33:02,T3,B12,SEC-B6QP3,8,False,,2024-12-24,English
RET-TRBSK,Tanveer Loke,Ops,Agent,2024-11-07,2024-10-15 20:57:43,2024-11-18 01:39:15,T3,B12,GH-R2SHW,8,False,,2024-12-18,English
CC-3YM6V,Harsh Loke,Ops,Agent,2024-10-12,2024-12-12 11:34:57,2024-10-21 04:46:40,T3,B12,CC-V15OZ,8,False,,2024-12-01,English
SEC-JCTDA,Unni Issac,Ops,Agent,2024-10-12,2024-11-06 03:53:50,2024-12-16 23:05:37,T3,B12,OPS-V0XJI,8,False,,2024-11-24,English
MTC-LVG3T,Daksha Sanghvi,Ops,Agent,2024-12-18,2024-12-21 14:24:16,2024-10-27 18:02:34,T3,B12,RET-N74PW,8,False,,2024-11-25,English
MTC-YJYSD,Saksham Viswanathan,Ops,Agent,2024-12-20,2024-11-30 19:53:26,2024-10-09 04:48:11,T3,B12,MTC-C0VQB,8,False,,2024-10-21,English
GH-VI0RZ,Oeshi Chokshi,Ops,Agent,2024-12-08,2024-11-23 07:13:22,2024-12-28 00:25:05,T3,B12,GH-L76AN,8,False,,2024-10-22,English
OPS-22JY6,Faras Bir,Ops,Agent,2024-11-22,2024-12-30 22:13:07,2024-12-23 03:57:29,T3,B12,MTC-VWGYG,8,False,,2024-10-04,English
GH-RAI6P,Warjas Ghosh,Ops,Agent,2024-11-06,2024-12-09 19:20:47,2024-11-20 03:04:35,T3,B12,GH-J0613,8,False,,2024-11-05,English
SEC-KHUYS,Ekaja Patel,Ops,Agent,2024-10-09,2024-11-07 06:47:01,2024-10-05 15:34:26,T3,B12,CC-B35KI,8,False,,2024-10-13,English
RET-3T4J0,Anay Sathe,Ops,Agent,2024-10-11,2024-12-14 03:08:59,2024-10-17 02:01:44,T3,B12,RET-16A12,8,False,,2024-12-06,English
MTC-8U1U3,Nimrat Chandran,Ops,Agent,2024-11-05,2024-11-21 21:17:04,2024-10-06 19:25:03,T3,B12,OPS-KUROR,8,False,,2024-12-30,English
OPS-WR3M1,Netra Balakrishnan,Ops,Agent,2024-12-23,2024-10-26 08:57:15,2024-12-13 07:37:41,T3,B12,SEC-489MX,8,False,,2024-12-30,English
RET-1CC34,Tanveer Anne,Ops,Agent,2024-10-13,2024-11-06 08:15:16,2024-11-18 12:06:54,T3,B12,MTC-ADMZ4,8,False,,2024-11-21,English
CC-PXZ8M,Lucky Chaudhry,Ops,Agent,2024-11-22,2024-12-29 09:03:37,2024-12-06 22:23:58,T3,B12,SEC-MILJ2,8,False,,2024-12-01,English
SEC-ZK16H,Manthan Mody,Ops,Agent,2024-10-22,2024-12-05 01:39:52,2024-12-07 20:18:13,T3,B12,MTC-GBUL3,8,False,,2024-11-08,English
CC-EPEM6,Meghana Chadha,Ops,Agent,2024-12-30,2024-10-09 09:14:24,2024-11-06 18:20:38,T3,B12,GH-G0NL1,8,False,,2024-11-20,English
SEC-ZD1BW,Tanveer Bava,Ops,Agent,2024-10-20,2024-11-05 05:59:54,2024-10-01 04:01:33,T3,B12,MTC-59X69,8,False,,2024-11-10,English
RET-Z0521,Bimala Suresh,Ops,Agent,2024-10-13,2024-10-05 04:00:47,2024-10-11 10:32:10,T3,B12,SEC-5GP9N,8,False,,2024-10-07,English
GH-WKU3F,Rachita Brahmbhatt,Ops,Agent,2024-12-16,2024-11-11 19:02:09,2024-10-24 19:31:06,T3,B12,RET-GAGJ2,8,False,,2024-12-02,English
SEC-2MQ2P,Hemani Nagarajan,Ops,Agent,2024-10-26,2024-10-09 22:20:28,2024-12-05 01:26:37,T3,B12,RET-D28Z9,8,False,,2024-12-26,English
MTC-CVMJQ,Anita Bhatia,Ops,Agent,2024-10-11,2024-11-21 16:06:27,2024-11-12 11:23:30,T3,B12,MTC-KJHJ5,8,False,,2024-11-13,English
OPS-2DL9P,Bishakha Parekh,Ops,Agent,2024-11-01,2024-10-08 10:19:33,2024-11-10 22:27:01,T3,B12,RET-D2V59,8,False,,2024-11-11,English
RET-XIU3Y,Rishi Balay,Ops,Agent,2024-11-12,2024-12-29 06:34:27,2024-11-04 07:56:21,T3,B12,CC-5LPQC,8,False,,2024-10-25,English
SEC-E4O3S,Neelima Dhar,Ops,Agent,2024-10-18,2024-10-20 15:50:19,2024-10-24 00:42:52,T3,B12,MTC-MIOSE,8,False,,2024-11-08,English
RET-IINGZ,Madhav Bhat,Ops,Agent,2024-11-12,2024-10-23 15:29:29,2024-10-23 00:43:10,T3,B12,CC-4DWVR,8,False,,2024-12-02,English
GH-D6VRW,Qasim Garg,Ops,Agent,2024-10-17,2024-10-02 07:00:43,2024-12-26 15:33:13,T3,B12,SEC-JB8HI,8,False,,2024-10-21,English
CC-6A8SK,Anamika Chauhan,Ops,Agent,2024-11-20,2024-11-02 09:16:36,2024-10-11 01:00:17,T3,B12,RET-5LEIE,8,False,,2024-10-18,English
SEC-QI5NU,Aashi Gaba,Ops,Agent,2024-11-11,2024-12-10 04:54:09,2024-10-10 20:14:04,T3,B12,CC-14TE0,8,False,,2024-12-15,English
GH-EF7V9,Brinda Upadhyay,Ops,Agent,2024-11-01,2024-10-30 05:00:15,2024-10-10 00:46:39,T3,B12,GH-SCHXP,8,False,,2024-12-03,English
OPS-UL5OS,Divya Hegde,Ops,Agent,2024-12-05,2024-11-20 04:30:59,2024-10-24 12:08:36,T3,B12,RET-GJAHJ,8,False,,2024-10-25,English
OPS-ZR2XR,Panini Bhavsar,Ops,Agent,2024-12-20,2024-10-26 01:52:51,2024-12-24 18:41:26,T3,B12,SEC-SOMZX,8,False,,2024-11-23,English
SEC-JEHDT,Ridhi Venkatesh,Ops,Agent,2024-10-30,2024-12-14 08:13:11,2024-12-30 01:12:34,T3,B12,MTC-XQBCM,8,False,,2024-10-08,English
SEC-PCMKP,Pratyush Varkey,Ops,Agent,2024-10-25,2024-11-04 11:07:23,2024-10-16 14:13:47,T3,B12,RET-IHMGD,8,False,,2024-12-21,English
GH-TQFTZ,Fitan Shenoy,Ops,Agent,2024-10-03,2024-10-03 16:40:50,2024-11-29 22:47:04,T3,B12,RET-8V6F6,8,False,,2024-10-21,English
SEC-F9NR4,Manbir Parekh,Ops,Agent,2024-11-29,2024-11-01 04:28:12,2024-12-14 01:07:02,T3,B12,MTC-H2NOZ,8,False,,2024-12-30,English
MTC-YDXOY,Hardik Sane,Ops,Agent,2024-11-10,2024-12-05 02:47:24,2024-10-27 04:49:56,T3,B12,OPS-YW93E,8,False,,2024-11-10,English
SEC-N9YLN,Mohammed Mani,Ops,Agent,2024-12-24,2024-12-06 21:29:38,2024-12-07 14:27:06,T3,B12,MTC-G7NDY,8,False,,2024-10-22,English
CC-V52W3,Upasna Buch,Ops,Agent,2024-11-15,2024-11-23 14:03:08,2024-12-29 11:56:37,T3,B12,SEC-E4QHP,8,False,,2024-10-07,English
SEC-T24IF,Azad Prashad,Ops,Agent,2024-12-16,2024-11-06 02:24:59,2024-10-22 06:45:10,T3,B12,GH-UEN95,8,False,,2024-12-20,English
SEC-RLJOY,Dalbir Kakar,Ops,Agent,2024-10-31,2024-12-21 02:51:44,2024-10-31 10:29:30,T3,B12,SEC-1OX2X,8,False,,2024-12-20,English
RET-ETS5Q,Rachit Saraf,Ops,Agent,2024-10-26,2024-10-18 08:17:53,2024-12-19 00:57:34,T3,B12,OPS-RNCVP,8,False,,2024-10-28,English
OPS-0BX79,Pranav Rege,Ops,Agent,2024-10-25,2024-12-30 04:01:23,2024-12-05 19:41:35,T3,B12,SEC-IFIM0,8,False,,2024-11-17,English
MTC-R3IJQ,Girik Varughese,Ops,Agent,2024-11-06,2024-11-03 06:49:43,2024-10-11 07:09:26,T3,B12,CC-C0409,8,False,,2024-12-06,English
GH-POEMN,Anjali Suresh,Ops,Agent,2024-10-28,2024-11-24 22:20:48,2024-11-14 13:35:47,T3,B12,CC-T7DZH,8,False,,2024-11-28,English
GH-WFN58,Ekanta Hegde,Ops,Agent,2024-11-03,2024-11-26 01:04:20,2024-12-27 00:39:03,T3,B12,CC-1U7QO,8,False,,2024-11-29,English
GH-KRI27,Jasmit Bahri,Ops,Agent,2024-12-27,2024-12-15 17:40:12,2024-11-16 10:41:37,T3,B12,GH-Z1LSR,8,False,,2024-10-13,English
MTC-YD85Q,Oeshi Srinivasan,Ops,Agent,2024-12-29,2024-10-14 23:37:25,2024-10-01 06:08:28,T3,B12,SEC-R2HQX,8,False,,2024-12-01,English
SEC-6DCXH,Libni Choudhary,Ops,Agent,2024-12-27,2024-10-27 11:15:31,2024-12-18 19:06:23,T3,B12,MTC-9775H,8,False,,2024-10-24,English
GH-ZBXX7,Zayyan Dua,Ops,Agent,2024-10-02,2024-12-25 08:24:10,2024-12-10 20:14:50,T3,B12,MTC-VPKIP,8,False,,2024-12-19,English
CC-Y7TWU,Gopal Tata,Ops,Agent,2024-10-17,2024-10-23 22:22:24,2024-10-07 05:14:29,T3,B12,GH-WNVJG,8,False,,2024-12-27,English
SEC-ACZM3,Reva Badal,Ops,Agent,2024-10-03,2024-11-04 23:49:43,2024-12-24 17:20:05,T3,B12,SEC-MRWCS,8,False,,2024-10-31,English
SEC-9IHA4,Gayathri Suresh,Ops,Agent,2024-11-02,2024-12-04 17:07:25,2024-12-21 17:30:17,T3,B12,GH-3AZG5,8,False,,2024-11-13,English
GH-BEFG1,Shravya Ratta,Ops,Agent,2024-10-14,2024-11-10 07:01:27,2024-10-13 05:11:33,T3,B12,GH-P1J1T,8,False,,2024-10-30,English
GH-UUO5M,Rushil Karan,Ops,Agent,2024-10-29,2024-11-01 15:33:21,2024-11-06 10:34:27,T3,B12,SEC-1DS5X,8,False,,2024-12-26,English
RET-5FKS7,Meghana Chanda,Ops,Agent,2024-10-09,2024-10-09 11:57:17,2024-11-29 15:34:59,T3,B12,RET-BXN9T,8,False,,2024-10-11,English
OPS-IASLF,Keya Saraf,Ops,Agent,2024-10-25,2024-11-22 08:01:25,2024-10-30 07:28:42,T3,B12,SEC-ZTZ6W,8,False,,2024-10-20,English
RET-LSXDH,Nandini Sabharwal,Ops,Agent,2024-12-25,2024-11-02 02:09:06,2024-12-12 13:03:02,T3,B12,OPS-8ACE9,8,False,,2024-12-30,English
RET-5002E,Chakradev Kalita,Ops,Agent,2024-11-11,2024-12-27 14:23:26,2024-10-31 12:25:40,T3,B12,RET-LSDIV,8,False,,2024-10-31,English
GH-O1NTE,Zayan Dave,Ops,Agent,2024-11-24,2024-12-16 02:28:00,2024-11-22 02:39:13,T3,B12,CC-RUUJG,8,False,,2024-11-30,English
CC-G1TLK,Bhavini Dubey,Ops,Agent,2024-10-29,2024-11-17 21:41:43,2024-11-21 20:23:18,T3,B12,CC-5E530,8,False,,2024-12-19,English
GH-95ZDE,Dalbir Joshi,Ops,Agent,2024-11-07,2024-10-09 00:50:00,2024-11-07 22:52:51,T3,B12,SEC-CUYU9,8,False,,2024-10-23,English
MTC-MP0UQ,Ekbal Warrior,Ops,Agent,2024-10-13,2024-12-17 13:43:06,2024-10-28 23:33:54,T3,B12,GH-2LF5J,8,False,,2024-12-22,English
OPS-N4ZR4,Lekha Panchal,Ops,Agent,2024-10-01,2024-12-27 02:40:07,2024-10-27 08:43:55,T3,B12,MTC-8U66K,8,False,,2024-12-05,English
OPS-70W1Z,Gopal Soni,Ops,Agent,2024-12-21,2024-10-13 22:04:55,2024-10-11 16:37:36,T3,B12,SEC-MLFSP,8,False,,2024-12-13,English
OPS-44B96,Hamsini Ravel,Ops,Agent,2024-12-03,2024-11-11 07:55:44,2024-12-01 04:39:18,T3,B12,RET-VVPTK,8,False,,2024-10-06,English
OPS-22939,Victor Zachariah,Ops,Agent,2024-12-18,2024-10-27 01:05:13,2024-10-03 17:45:42,T3,B12,OPS-PS3ZK,8,False,,2024-12-15,English
CC-UGCJL,Jack Taneja,Ops,Agent,2024-12-25,2024-12-16 06:18:54,2024-11-13 18:37:12,T3,B12,RET-RYW3L,8,False,,2024-11-05,English
MTC-7WMAT,Noah Chahal,Ops,Agent,2024-11-16,2024-12-12 10:30:07,2024-10-13 14:40:58,T3,B12,GH-XJCYD,8,False,,2024-10-25,English
MTC-A4AW2,Darpan Mand,Ops,Agent,2024-12-20,2024-12-25 00:26:49,2024-11-16 03:12:27,T3,B12,OPS-LSMN0,8,False,,2024-12-13,English
OPS-LDKJ0,Kiaan Lalla,Ops,Agent,2024-11-01,2024-11-18 11:30:48,2024-10-28 23:01:13,T3,B12,MTC-D9CR4,8,False,,2024-11-09,English
GH-GEBBH,Gautami Bumb,Ops,Agent,2024-12-04,2024-12-28 18:22:00,2024-10-12 08:58:47,T3,B12,OPS-7TPAE,8,False,,2024-10-17,English
CC-P2V8Y,Balendra Sehgal,Ops,Agent,2024-10-28,2024-12-02 09:21:16,2024-11-28 17:58:03,T3,B12,CC-30VZK,8,False,,2024-11-09,English
MTC-8PQQ1,Bhanumati Sangha,Ops,Agent,2024-11-24,2024-11-14 20:19:04,2024-11-02 07:55:58,T3,B12,RET-1EU7H,8,False,,2024-12-02,English
MTC-1ZR4O,Vihaan Khanna,Ops,Agent,2024-11-27,2024-10-13 15:43:29,2024-12-18 08:49:57,T3,B12,RET-7UOEK,8,False,,2024-11-11,English
SEC-IY3HB,Girish Muni,Ops,Agent,2024-10-16,2024-12-09 00:30:00,2024-12-24 07:15:38,T3,B12,SEC-PBVBD,8,False,,2024-11-26,English
GH-2D0UB,Varsha Buch,Ops,Agent,2024-12-20,2024-12-29 19:54:54,2024-11-28 01:55:14,T3,B12,RET-TB97D,8,False,,2024-10-11,English
MTC-JKKUL,Gautami Dhaliwal,Ops,Agent,2024-12-04,2024-11-05 06:48:06,2024-12-20 03:30:52,T3,B12,GH-EZQTP,8,False,,2024-11-13,English
GH-3ZFIE,Xavier Purohit,Ops,Agent,2024-11-16,2024-12-29 01:13:04,2024-11-29 16:26:25,T3,B12,SEC-7NM5T,8,False,,2024-11-25,English
MTC-61MDL,Vansha Varkey,Ops,Agent,2024-11-03,2024-10-15 05:30:12,2024-11-07 15:10:14,T3,B12,RET-1G3TM,8,False,,2024-11-04,English
MTC-R6KEC,Avni Sharaf,Ops,Agent,2024-12-03,2024-11-30 03:00:18,2024-12-21 19:54:56,T3,B12,CC-SI0JN,8,False,,2024-11-30,English
CC-KIVP1,Ekaja Gola,Ops,Agent,2024-10-22,2024-12-15 01:07:32,2024-11-25 03:25:17,T3,B12,SEC-2Q2FK,8,False,,2024-11-29,English
SEC-XVKVE,Balhaar Sant,Ops,Agent,2024-11-18,2024-10-25 16:58:46,2024-12-08 05:48:00,T3,B12,CC-ZHYQ0,8,False,,2024-11-30,English
CC-KMFHW,Ayush Din,Ops,Agent,2024-10-25,2024-11-03 02:12:49,2024-10-07 13:46:54,T3,B12,OPS-L2E6N,8,False,,2024-12-19,English
GH-1KQWU,Manbir Sem,Ops,Agent,2024-12-22,2024-12-22 12:58:12,2024-10-02 13:23:30,T3,B12,GH-DZB8H,8,False,,2024-12-11,English
CC-6420P,Thomas Date,Ops,Agent,2024-11-16,2024-12-24 13:33:12,2024-12-09 19:57:29,T3,B12,MTC-93XF5,8,False,,2024-11-28,English
CC-UCJDT,Zehaan Sen,Ops,Agent,2024-10-20,2024-10-21 12:27:50,2024-12-24 18:13:57,T3,B12,CC-RJKAX,8,False,,2024-11-17,English
GH-U90V0,Yashica Sood,Ops,Agent,2024-12-13,2024-12-30 15:20:06,2024-12-29 05:55:18,T3,B12,RET-D4DTF,8,False,,2024-12-05,English
CC-LXODG,Dalaja Mann,Ops,Agent,2024-12-04,2024-11-06 01:27:50,2024-12-14 18:13:49,T3,B12,CC-I07N2,8,False,,2024-11-26,English
GH-UV9NX,Inaya Yohannan,Ops,Agent,2024-12-27,2024-10-06 15:19:14,2024-11-23 23:28:34,T3,B12,MTC-GN3Y6,8,False,,2024-12-29,English
CC-EFU4O,Turvi Trivedi,Ops,Agent,2024-11-06,2024-12-17 09:53:10,2024-10-26 02:03:12,T3,B12,MTC-O6HCP,8,False,,2024-11-03,English
RET-Y5G3J,Amara Banik,Ops,Agent,2024-12-11,2024-10-21 03:16:40,2024-10-29 06:53:25,T3,B12,CC-FZMI5,8,False,,2024-12-30,English
OPS-7AZKO,Warhi Chauhan,Ops,Agent,2024-12-20,2024-12-25 01:54:53,2024-10-02 17:45:40,T3,B12,RET-8XJLH,8,False,,2024-11-04,English
CC-8DDCX,Tamanna Gokhale,Ops,Agent,2024-11-09,2024-11-08 01:28:51,2024-10-31 14:49:24,T3,B12,MTC-5SJMQ,8,False,,2024-11-23,English
CC-ZKXRD,Yochana Magar,Ops,Agent,2024-11-23,2024-11-28 14:47:06,2024-11-15 18:07:51,T3,B12,SEC-WN8LB,8,False,,2024-11-15,English
GH-WNW2N,Chandresh Chaudhari,Ops,Agent,2024-11-24,2024-10-26 01:59:39,2024-10-08 06:36:41,T3,B12,MTC-3TKPE,8,False,,2024-12-29,English
SEC-JHVRN,Christopher Venkatesh,Ops,Agent,2024-10-07,2024-10-11 19:11:42,2024-11-09 07:22:35,T3,B12,SEC-BSMS0,8,False,,2024-11-30,English
CC-4BCEN,Nicholas Cherian,Ops,Agent,2024-10-27,2024-11-18 04:41:41,2024-12-25 08:12:25,T3,B12,SEC-8VJ12,8,False,,2024-12-29,English
SEC-KGUSM,Quincy Din,Ops,Agent,2024-12-20,2024-11-03 11:13:33,2024-11-05 12:47:17,T3,B12,CC-WGN8Y,8,False,,2024-11-25,English
RET-Z9IQR,Arya Bawa,Ops,Agent,2024-10-10,2024-11-20 03:05:34,2024-11-22 02:40:47,T3,B12,CC-Y0PFS,8,False,,2024-12-01,English
GH-HBXNB,Charita Shroff,Ops,Agent,2024-11-09,2024-12-30 04:36:52,2024-11-11 06:22:51,T3,B12,MTC-6IAOG,8,False,,2024-11-19,English
RET-4WB5O,Janya Sehgal,Ops,Agent,2024-11-06,2024-12-28 12:45:50,2024-12-14 17:35:53,T3,B12,RET-9XIQO,8,False,,2024-12-05,English
GH-1TRBH,Udant Murthy,Ops,Agent,2024-10-27,2024-11-05 02:27:57,2024-10-05 07:59:11,T3,B12,CC-K65LQ,8,False,,2024-11-15,English
OPS-QT9DX,Vihaan Suri,Ops,Agent,2024-12-02,2024-11-07 22:26:58,2024-11-05 19:58:21,T3,B12,GH-9P1OI,8,False,,2024-12-11,English
SEC-MG5OW,Lekha Johal,Ops,Agent,2024-12-19,2024-12-25 00:04:19,2024-11-04 02:14:37,T3,B12,CC-QSFXP,8,False,,2024-11-16,English
OPS-1XNLA,Dayita Pillay,Ops,Agent,2024-10-21,2024-12-17 13:40:04,2024-12-15 07:35:54,T3,B12,CC-TOQA8,8,False,,2024-12-29,English
OPS-0YOC2,Madhavi Chahal,Ops,Agent,2024-12-09,2024-10-19 23:33:35,2024-12-07 11:25:57,T3,B12,RET-IHSH0,8,False,,2024-12-11,English
OPS-CZCMF,Lajita Khurana,Ops,Agent,2024-10-26,2024-10-25 02:23:33,2024-12-02 03:15:33,T3,B12,CC-4UPY4,8,False,,2024-10-08,English
RET-YI7EY,Kala Khatri,Ops,Agent,2024-10-24,2024-10-02 18:07:12,2024-11-04 00:06:43,T3,B12,RET-QCB8W,8,False,,2024-11-30,English
MTC-KVSYL,Hemangini Edwin,Ops,Agent,2024-10-24,2024-12-14 09:20:52,2024-11-05 17:01:28,T3,B12,CC-BKQ7J,8,False,,2024-10-20,English
OPS-E6VZY,Zaid Chaudhary,Ops,Agent,2024-11-02,2024-10-22 04:21:28,2024-11-13 02:04:07,T3,B12,OPS-6QH92,8,False,,2024-11-27,English
RET-0PT5Y,Nicholas Batta,Ops,Agent,2024-10-19,2024-10-06 17:31:21,2024-12-11 18:12:57,T3,B12,GH-XFGNL,8,False,,2024-11-24,English
OPS-CRT69,Yadavi Zacharia,Ops,Agent,2024-12-24,2024-10-20 21:41:50,2024-11-14 00:58:06,T3,B12,SEC-FETEN,8,False,,2024-10-15,English
MTC-BCJY7,Gagan Dyal,Ops,Agent,2024-10-11,2024-11-24 10:54:14,2024-12-16 00:05:29,T3,B12,MTC-ZA307,8,False,,2024-10-01,English
CC-Z0ENI,Vinaya Sangha,Ops,Agent,2024-12-12,2024-12-18 00:38:23,2024-11-11 07:12:32,T3,B12,SEC-3VK36,8,False,,2024-11-13,English
SEC-P6FM0,Yadavi Bahl,Ops,Agent,2024-12-04,2024-11-30 07:51:17,2024-12-28 22:09:35,T3,B12,SEC-ILEQ5,8,False,,2024-10-18,English
RET-9Z440,Oeshi Saini,Ops,Agent,2024-11-22,2024-10-20 17:22:44,2024-11-24 15:04:52,T3,B12,OPS-O0TL6,8,False,,2024-11-12,English
SEC-D628D,Varsha Murty,Ops,Agent,2024-11-14,2024-11-15 05:00:47,2024-11-04 23:34:47,T3,B12,SEC-9UXIA,8,False,,2024-12-07,English
MTC-94ROS,Unni Murthy,Ops,Agent,2024-11-01,2024-12-07 09:29:21,2024-12-01 15:58:57,T3,B12,OPS-X9I2P,8,False,,2024-10-05,English
MTC-NB0KT,Nathan Varma,Ops,Agent,2024-10-04,2024-10-22 06:04:35,2024-12-03 20:27:53,T3,B12,CC-Z31YL,8,False,,2024-11-23,English
MTC-5018G,Faras Rege,Ops,Agent,2024-12-20,2024-10-07 09:30:45,2024-11-23 07:00:52,T3,B12,CC-QHC1G,8,False,,2024-11-03,English
SEC-VMVH5,Anmol Rajagopal,Ops,Agent,2024-10-07,2024-12-02 13:19:58,2024-10-12 21:35:18,T3,B12,SEC-2NZJY,8,False,,2024-10-13,English
OPS-851GF,Rajata Mandal,Ops,Agent,2024-12-14,2024-12-13 10:34:50,2024-12-07 09:53:29,T3,B12,CC-R2KP6,8,False,,2024-11-11,English
CC-4208W,Daksh Dey,Ops,Agent,2024-10-04,2024-10-01 19:42:52,2024-12-12 05:18:09,T3,B12,GH-A9QDK,8,False,,2024-10-25,English
RET-BDONM,Bhavika Gole,Ops,Agent,2024-10-05,2024-10-04 06:51:40,2024-12-23 05:23:15,T3,B12,OPS-I1G4D,8,False,,2024-12-19,English
RET-RKXOW,Ronith Banerjee,Ops,Agent,2024-10-09,2024-10-18 21:15:50,2024-11-10 10:31:06,T3,B12,RET-TVHRU,8,False,,2024-12-18,English
GH-GGSU9,Dalbir Saini,Ops,Agent,2024-10-20,2024-10-04 09:41:44,2024-11-20 04:28:35,T3,B12,OPS-HESA6,8,False,,2024-10-24,English
SEC-Z73XR,Luke Tailor,Ops,Agent,2024-10-27,2024-10-09 10:28:29,2024-12-17 00:37:00,T3,B12,GH-KP6EH,8,False,,2024-10-06,English
SEC-EZDLX,Aishani Nagarajan,Ops,Agent,2024-11-20,2024-12-24 13:49:28,2024-11-21 23:54:41,T3,B12,GH-U64CW,8,False,,2024-12-26,English
OPS-JSOSI,Finn Date,Ops,Agent,2024-12-08,2024-11-17 07:32:01,2024-11-20 05:03:59,T3,B12,GH-M1TWX,8,False,,2024-11-17,English
OPS-NW1V8,Urvashi Chhabra,Ops,Agent,2024-12-14,2024-10-13 16:08:12,2024-10-19 22:55:16,T3,B12,OPS-J7VKJ,8,False,,2024-12-19,English
MTC-JDYFH,Zilmil Chakraborty,Ops,Agent,2024-12-09,2024-11-04 00:59:12,2024-11-17 05:07:15,T3,B12,CC-7IIXW,8,False,,2024-12-29,English
GH-HCIZ4,Nicholas Sundaram,Ops,Agent,2024-11-11,2024-12-14 00:50:48,2024-10-25 00:45:07,T3,B12,CC-23NJQ,8,False,,2024-10-19,English
OPS-AGSEX,Amara Mand,Ops,Agent,2024-12-13,2024-12-25 04:26:54,2024-11-20 14:40:15,T3,B12,GH-KDS7R,8,False,,2024-10-18,English
OPS-BF0GA,Frado Prashad,Ops,Agent,2024-10-15,2024-11-16 23:18:53,2024-10-19 09:37:49,T3,B12,RET-IB1LZ,8,False,,2024-10-18,English
RET-8HOI7,Triya Buch,Ops,Agent,2024-10-06,2024-10-18 00:45:16,2024-11-02 11:39:57,T3,B12,OPS-GG33V,8,False,,2024-12-19,English
GH-J5B35,Upma Pandey,Ops,Agent,2024-10-23,2024-10-12 09:06:59,2024-12-05 21:23:05,T3,B12,CC-4YYSC,8,False,,2024-12-18,English
SEC-16OYX,Yash Korpal,Ops,Agent,2024-10-29,2024-12-02 17:21:18,2024-10-19 10:50:04,T3,B12,SEC-26354,8,False,,2024-12-09,English
OPS-CMXNP,Bhanumati Pandit,Ops,Agent,2024-11-10,2024-11-09 12:16:32,2024-11-05 21:40:29,T3,B12,SEC-DTV86,8,False,,2024-11-17,English
GH-IP1PT,Nathaniel Buch,Ops,Agent,2024-12-23,2024-12-20 22:31:54,2024-12-20 04:52:27,T3,B12,CC-JRDL5,8,False,,2024-10-03,English
RET-BU7HF,Unnati Badal,Ops,Agent,2024-10-03,2024-12-03 14:55:51,2024-12-10 07:29:52,T3,B12,SEC-KRR0R,8,False,,2024-10-02,English
CC-077NH,Anmol Agate,Ops,Agent,2024-12-27,2024-12-09 15:17:01,2024-10-07 16:41:45,T3,B12,OPS-Y5X1C,8,False,,2024-10-14,English
OPS-2460A,Nandini Kari,Ops,Agent,2024-12-01,2024-12-20 06:33:36,2024-12-26 20:01:01,T3,B12,RET-4BF89,8,False,,2024-12-07,English
MTC-0CQV2,Jatin Garde,Ops,Agent,2024-11-06,2024-10-14 18:28:01,2024-12-14 12:05:34,T3,B12,SEC-080SC,8,False,,2024-12-18,English
MTC-JTZ8D,Farhan Ahluwalia,Ops,Agent,2024-11-23,2024-10-16 18:19:34,2024-11-19 21:50:24,T3,B12,CC-6G8GD,8,False,,2024-10-31,English
OPS-Z5X2I,Manya Luthra,Ops,Agent,2024-11-30,2024-12-28 05:12:57,2024-12-22 23:56:38,T3,B12,OPS-GLO0D,8,False,,2024-10-10,English
SEC-7QB9L,Pooja Memon,Ops,Agent,2024-12-12,2024-12-06 20:35:29,2024-12-30 01:53:38,T3,B12,OPS-PZ7QO,8,False,,2024-10-22,English
OPS-RDQSF,Zashil Sarna,Ops,Agent,2024-10-26,2024-12-28 17:26:49,2024-10-27 19:33:40,T3,B12,RET-P3EXT,8,False,,2024-11-30,English
SEC-C10EX,Ekbal Tripathi,Ops,Agent,2024-10-15,2024-12-18 00:57:11,2024-10-25 16:39:54,T3,B12,OPS-3R3RK,8,False,,2024-10-06,English
RET-C9FOM,Omya Sahni,Ops,Agent,2024-12-21,2024-12-04 02:05:44,2024-10-14 09:03:06,T3,B12,OPS-VUU2O,8,False,,2024-10-01,English
RET-AABJZ,Udarsh Date,Ops,Agent,2024-11-29,2024-12-03 15:54:57,2024-11-15 02:35:18,T3,B12,SEC-L74KH,8,False,,2024-12-19,English
MTC-0RMQY,Naveen Mohanty,Ops,Agent,2024-11-28,2024-11-19 01:57:31,2024-10-26 03:17:24,T3,B12,OPS-MLOWI,8,False,,2024-10-28,English
CC-9X1LT,Onveer Zachariah,Ops,Agent,2024-12-22,2024-10-07 03:56:46,2024-10-28 09:45:46,T3,B12,CC-VSZXG,8,False,,2024-11-09,English
SEC-2YM5D,Zilmil Balay,Ops,Agent,2024-12-04,2024-12-11 08:41:03,2024-11-01 21:45:01,T3,B12,RET-TD9DH,8,False,,2024-11-18,English
SEC-KQWCH,Shivansh Sinha,Ops,Agent,2024-11-12,2024-12-26 05:56:54,2024-10-15 17:53:36,T3,B12,GH-7PI7L,8,False,,2024-11-11,English
MTC-P0GEY,Turvi Kapadia,Ops,Agent,2024-12-23,2024-12-17 16:34:04,2024-11-22 17:48:01,T3,B12,MTC-XWNM0,8,False,,2024-11-14,English
RET-7FIFZ,Chaitanya Dubey,Ops,Agent,2024-12-05,2024-10-07 17:22:12,2024-11-22 08:28:45,T3,B12,OPS-IEAX9,8,False,,2024-12-01,English
OPS-0M0TG,Yasti Thakkar,Ops,Agent,2024-11-15,2024-12-21 23:42:42,2024-10-31 01:37:46,T3,B12,SEC-XOUB9,8,False,,2024-11-03,English
OPS-4U168,Qadim Khare,Ops,Agent,2024-10-31,2024-10-17 13:40:41,2024-10-19 05:53:50,T3,B12,OPS-DUBBD,8,False,,2024-10-14,English
SEC-10GM1,Devansh Edwin,Ops,Agent,2024-11-18,2024-12-23 04:27:50,2024-10-03 17:43:51,T3,B12,CC-3XFYJ,8,False,,2024-10-17,English
GH-710TW,David Bansal,Ops,Agent,2024-11-02,2024-12-02 06:33:26,2024-10-22 05:28:22,T3,B12,OPS-12TL3,8,False,,2024-12-05,English
SEC-NVCL6,Vrinda Yohannan,Ops,Agent,2024-11-22,2024-12-03 17:11:55,2024-10-21 09:18:34,T3,B12,GH-V0QCL,8,False,,2024-10-06,English
RET-JR52W,Pallavi Tank,Ops,Agent,2024-11-18,2024-10-16 06:59:20,2024-11-15 23:46:09,T3,B12,CC-UI1GW,8,False,,2024-12-20,English
MTC-ID3HI,Qushi Om,Ops,Agent,2024-11-08,2024-11-22 02:19:44,2024-10-28 05:25:44,T3,B12,GH-WZ4IY,8,False,,2024-11-15,English
OPS-EDBJX,Dayita Ramakrishnan,Ops,Agent,2024-12-02,2024-10-03 21:12:00,2024-12-15 08:12:56,T3,B12,GH-DBLIL,8,False,,2024-12-20,English
OPS-II16S,Vidhi Dar,Ops,Agent,2024-10-11,2024-11-11 11:05:18,2024-12-07 18:29:39,T3,B12,OPS-QP1YY,8,False,,2024-11-05,English
CC-3TX9C,Champak Khalsa,Ops,Agent,2024-11-03,2024-10-30 03:39:46,2024-11-19 01:51:14,T3,B12,OPS-L58NH,8,False,,2024-12-19,English
GH-GQHW4,Mekhala Kunda,Ops,Agent,2024-11-05,2024-11-04 20:17:04,2024-11-05 09:23:45,T3,B12,CC-70N29,8,False,,2024-10-14,English
OPS-LZQ6Q,Arjun Raval,Ops,Agent,2024-11-19,2024-11-30 06:43:56,2024-12-09 10:01:11,T3,B12,SEC-83MF1,8,False,,2024-12-09,English
MTC-VHFCK,Anirudh Ghose,Ops,Agent,2024-12-11,2024-12-06 15:07:17,2024-11-03 15:10:58,T3,B12,MTC-HS86K,8,False,,2024-11-19,English
RET-VJYHZ,Turvi Varma,Ops,Agent,2024-11-26,2024-12-09 16:05:21,2024-11-28 11:39:57,T3,B12,GH-89NT0,8,False,,2024-12-19,English
OPS-28FFQ,Dominic Raghavan,Ops,Agent,2024-10-06,2024-11-25 19:20:10,2024-11-12 19:07:43,T3,B12,CC-CMMHX,8,False,,2024-12-30,English
CC-XRZ1D,Abeer Buch,Ops,Agent,2024-10-04,2024-11-18 20:56:19,2024-12-09 02:35:52,T3,B12,SEC-Y4D5P,8,False,,2024-10-03,English
SEC-M8EHE,Jai Som,Ops,Agent,2024-10-15,2024-12-03 00:59:20,2024-11-03 03:51:03,T3,B12,SEC-GMR0R,8,False,,2024-12-26,English
SEC-9LL62,Saumya Sridhar,Ops,Agent,2024-12-10,2024-12-02 01:23:23,2024-10-02 17:45:16,T3,B12,SEC-II767,8,False,,2024-11-19,English
GH-1A5D6,Chaitaly Choudhary,Ops,Agent,2024-11-03,2024-12-23 13:56:58,2024-11-16 13:31:26,T3,B12,OPS-B1QHM,8,False,,2024-10-30,English
CC-8IFDE,Leela Luthra,Ops,Agent,2024-11-10,2024-11-14 11:25:20,2024-12-06 11:59:31,T3,B12,OPS-GLC1L,8,False,,2024-10-14,English
OPS-HLFAV,Kalpit Tank,Ops,Agent,2024-10-20,2024-12-16 13:21:30,2024-12-22 22:48:48,T3,B12,CC-URDP3,8,False,,2024-12-19,English
SEC-UOSH2,Wazir Koshy,Ops,Agent,2024-12-08,2024-12-03 22:50:58,2024-10-20 14:09:06,T3,B12,CC-CEI4I,8,False,,2024-10-19,English
MTC-1IZA8,Siya Merchant,Ops,Agent,2024-11-13,2024-10-25 03:25:09,2024-11-20 02:19:16,T3,B12,OPS-UWL48,8,False,,2024-11-29,English
SEC-8UJMU,Edhitha Dayal,Ops,Agent,2024-11-03,2024-12-06 22:22:25,2024-11-20 11:00:40,T3,B12,RET-T0ZTW,8,False,,2024-12-30,English
SEC-N27HF,Jyoti Palla,Ops,Agent,2024-10-25,2024-12-21 07:35:33,2024-11-23 14:46:03,T3,B12,GH-4A0JN,8,False,,2024-11-17,English
OPS-3HCRW,Brijesh Bali,Ops,Agent,2024-10-17,2024-12-23 23:30:01,2024-11-01 16:14:11,T3,B12,GH-X14GX,8,False,,2024-11-01,English
CC-UJ1VY,Manan Das,Ops,Agent,2024-10-20,2024-12-11 15:54:48,2024-12-27 11:56:32,T3,B12,SEC-ZGATX,8,False,,2024-10-18,English
RET-7LZO1,Ayaan Kashyap,Ops,Agent,2024-11-22,2024-10-08 07:27:48,2024-12-26 09:30:09,T3,B12,SEC-ZUUNK,8,False,,2024-12-02,English
SEC-HVDO0,Azad Batra,Ops,Agent,2024-11-05,2024-10-24 12:09:18,2024-11-08 12:09:14,T3,B12,RET-QAISA,8,False,,2024-11-04,English
GH-AJ057,Ikshita Panchal,Ops,Agent,2024-10-29,2024-12-25 14:05:33,2024-12-20 20:10:33,T3,B12,CC-80OP9,8,False,,2024-11-01,English
OPS-PQGJ9,Ishanvi Basak,Ops,Agent,2024-11-16,2024-10-14 16:43:40,2024-10-08 22:58:21,T3,B12,GH-WF55N,8,False,,2024-12-26,English
GH-9ZO5R,Ranveer Sarna,Ops,Agent,2024-12-27,2024-11-07 01:57:59,2024-12-05 11:43:38,T3,B12,RET-8Y3NG,8,False,,2024-10-24,English
GH-Z67QT,Bhavini Hegde,Ops,Agent,2024-10-08,2024-10-12 15:13:45,2024-10-11 10:32:30,T3,B12,MTC-B1IYV,8,False,,2024-12-13,English
SEC-1LKHU,Aayush Nadkarni,Ops,Agent,2024-12-24,2024-10-08 09:05:59,2024-12-10 13:10:20,T3,B12,RET-0O4IB,8,False,,2024-10-20,English
CC-RZTOQ,Nathaniel Dave,Ops,Agent,2024-11-22,2024-10-24 02:53:31,2024-10-22 12:27:38,T3,B12,RET-DOSDB,8,False,,2024-12-12,English
OPS-6LBOD,Sathvik Batta,Ops,Agent,2024-11-27,2024-11-13 20:27:22,2024-11-26 14:48:11,T3,B12,OPS-FFQIF,8,False,,2024-11-10,English
OPS-MQ5WO,Gayathri Rai,Ops,Agent,2024-12-27,2024-10-15 16:59:21,2024-12-23 09:39:04,T3,B12,CC-50YW2,8,False,,2024-11-15,English
RET-AR4XA,Chanakya Kurian,Ops,Agent,2024-10-12,2024-11-22 14:42:59,2024-11-02 07:26:00,T3,B12,SEC-6OH73,8,False,,2024-10-09,English
SEC-HBZ7U,Waida Mangal,Ops,Agent,2024-12-14,2024-10-12 22:19:35,2024-11-12 11:53:11,T3,B12,GH-GBO06,8,False,,2024-12-23,English
OPS-SPZTV,Oviya Seshadri,Ops,Agent,2024-10-29,2024-12-19 19:04:10,2024-12-06 20:47:35,T3,B12,MTC-03TWG,8,False,,2024-12-03,English
OPS-1ZAF5,Vamakshi Sem,Ops,Agent,2024-10-08,2024-11-15 15:59:23,2024-11-07 09:07:41,T3,B12,MTC-ZXI2G,8,False,,2024-11-07,English
OPS-WTVUV,Kiaan Kibe,Ops,Agent,2024-11-08,2024-10-30 04:30:54,2024-12-09 12:57:01,T3,B12,SEC-2ZU8O,8,False,,2024-10-06,English
MTC-O2IRL,Bhavini Pant,Ops,Agent,2024-12-12,2024-11-04 16:02:20,2024-12-29 09:27:08,T3,B12,CC-AWOIJ,8,False,,2024-10-23,English
SEC-34F40,Vamakshi Boase,Ops,Agent,2024-12-13,2024-10-20 15:20:25,2024-11-29 11:05:43,T3,B12,MTC-QQSCL,8,False,,2024-10-01,English
SEC-NO6XO,Prisha Parekh,Ops,Agent,2024-10-07,2024-10-06 18:05:53,2024-10-23 03:39:23,T3,B12,CC-K0MUE,8,False,,2024-10-03,English
RET-2G04V,Brijesh Doshi,Ops,Agent,2024-10-21,2024-12-26 02:49:36,2024-10-30 03:57:58,T3,B12,OPS-S3GQ7,8,False,,2024-10-09,English
GH-7FPAI,Tamanna Suresh,Ops,Agent,2024-11-19,2024-12-12 11:05:05,2024-12-05 21:09:48,T3,B12,SEC-0ET6S,8,False,,2024-11-01,English
GH-1OGTD,Adweta Raval,Ops,Agent,2024-10-03,2024-12-10 11:10:40,2024-12-20 07:26:27,T3,B12,CC-SK3BI,8,False,,2024-12-13,English
MTC-CYZFF,Ekanta Mody,Ops,Agent,2024-11-06,2024-10-08 12:33:33,2024-12-14 23:24:55,T3,B12,CC-0U0DF,8,False,,2024-11-07,English
CC-YHFSC,Ekansh Borde,Ops,Agent,2024-11-03,2024-12-07 11:07:06,2024-10-03 21:12:38,T3,B12,CC-MKQJC,8,False,,2024-10-01,English
GH-8RBMR,Baljiwan Banerjee,Ops,Agent,2024-10-12,2024-11-20 06:13:59,2024-11-16 04:13:06,T3,B12,OPS-G40ES,8,False,,2024-11-25,English
OPS-YAQD5,Deepa Chandran,Ops,Agent,2024-12-07,2024-10-04 09:12:36,2024-12-23 09:06:45,T3,B12,GH-J9SV4,8,False,,2024-12-05,English
RET-15VD5,Indira Padmanabhan,Ops,Agent,2024-10-24,2024-11-18 14:32:07,2024-11-19 05:25:53,T3,B12,GH-WB7CI,8,False,,2024-12-18,English
CC-D5Q05,Zansi Shroff,Ops,Agent,2024-12-28,2024-11-01 21:44:19,2024-12-13 19:07:29,T3,B12,MTC-OBH2R,8,False,,2024-10-17,English
MTC-SWIWD,Janya Chopra,Ops,Agent,2024-11-13,2024-11-16 00:45:05,2024-11-07 13:12:38,T3,B12,RET-1DNC8,8,False,,2024-10-23,English
MTC-AY2DP,Hemang Bera,Ops,Agent,2024-11-11,2024-11-18 01:14:08,2024-10-02 08:23:21,T3,B12,SEC-80891,8,False,,2024-12-03,English
RET-GP03F,Anita Malhotra,Ops,Agent,2024-11-15,2024-11-16 18:20:28,2024-11-20 17:26:15,T3,B12,OPS-K7EQV,8,False,,2024-12-23,English
CC-L4ASR,Aahana Date,Ops,Agent,2024-12-07,2024-11-06 23:16:47,2024-11-22 18:25:08,T3,B12,MTC-4QVK6,8,False,,2024-11-29,English
OPS-UDGAV,Bhavika Rege,Ops,Agent,2024-11-14,2024-11-14 21:24:45,2024-12-14 23:45:34,T3,B12,RET-4TB4R,8,False,,2024-12-06,English
CC-J1MKS,Charita Hegde,Ops,Agent,2024-12-15,2024-12-29 17:26:52,2024-12-26 02:48:58,T3,B12,GH-17Q0J,8,False,,2024-12-09,English
CC-2E6RY,Manan Joshi,Ops,Agent,2024-12-21,2024-12-05 14:27:36,2024-10-06 17:20:53,T3,B12,OPS-R8KC1,8,False,,2024-12-29,English
CC-DO5JV,Arunima Magar,Ops,Agent,2024-12-21,2024-12-28 07:08:56,2024-10-07 08:39:06,T3,B12,MTC-K3WIX,8,False,,2024-11-04,English
OPS-3KTOA,Zashil Borra,Ops,Agent,2024-10-11,2024-11-02 05:07:56,2024-11-22 11:19:24,T3,B12,MTC-AKOO7,8,False,,2024-11-01,English
SEC-FRTDG,Forum Verma,Ops,Agent,2024-11-11,2024-10-29 01:40:34,2024-11-03 19:32:41,T3,B12,GH-C1SOA,8,False,,2024-12-11,English
CC-0MD5C,Aryan Ahluwalia,Ops,Agent,2024-10-23,2024-10-05 06:20:51,2024-11-09 15:46:14,T3,B12,SEC-6MO6X,8,False,,2024-12-11,English
OPS-QBVJV,Caleb Reddy,Ops,Agent,2024-11-29,2024-12-23 04:11:26,2024-10-26 08:53:26,T3,B12,MTC-ECF3A,8,False,,2024-11-03,English
MTC-K0480,Ryan Oak,Ops,Agent,2024-11-15,2024-11-18 09:23:32,2024-11-01 17:20:52,T3,B12,RET-BXUDR,8,False,,2024-11-13,English
CC-K6ETY,Chakradhar Kale,Ops,Agent,2024-12-11,2024-11-25 15:59:54,2024-11-29 05:13:36,T3,B12,OPS-GUQN5,8,False,,2024-10-31,English
MTC-0EATZ,Andrew Krishnan,Ops,Agent,2024-12-23,2024-11-10 00:18:45,2024-12-11 19:45:13,T3,B12,GH-FY078,8,False,,2024-10-27,English
MTC-RMGS6,Lakshmi Gola,Ops,Agent,2024-10-30,2024-11-21 06:04:31,2024-10-29 23:17:30,T3,B12,OPS-QL2SI,8,False,,2024-10-14,English
GH-F8DN5,Ucchal Khalsa,Ops,Agent,2024-11-15,2024-12-01 18:17:57,2024-10-29 08:12:40,T3,B12,SEC-472TX,8,False,,2024-10-17,English
CC-GA7DR,Harini Ravi,Ops,Agent,2024-10-22,2024-10-07 17:08:26,2024-12-03 21:34:34,T3,B12,MTC-15WBV,8,False,,2024-12-18,English
RET-VUR3C,Bhanumati Nori,Ops,Agent,2024-10-20,2024-10-13 04:52:23,2024-11-04 07:47:47,T3,B12,CC-HUN8V,8,False,,2024-10-04,English
MTC-PVSF3,Bishakha Murty,Ops,Agent,2024-12-12,2024-10-05 21:08:49,2024-12-07 06:02:07,T3,B12,CC-85LX0,8,False,,2024-11-06,English
RET-1FR8M,Devika Radhakrishnan,Ops,Agent,2024-11-17,2024-10-27 06:45:17,2024-10-31 19:24:00,T3,B12,OPS-8EJI1,8,False,,2024-11-23,English
OPS-WJ7YM,Brinda Chhabra,Ops,Agent,2024-11-19,2024-10-31 17:35:53,2024-10-09 21:21:22,T3,B12,GH-OQXVT,8,False,,2024-10-09,English
OPS-YGDZG,Anthony Manne,Ops,Agent,2024-10-20,2024-12-20 00:50:25,2024-10-17 09:19:51,T3,B12,OPS-AK8WB,8,False,,2024-12-30,English
RET-4QWMG,Devansh Gara,Ops,Agent,2024-12-10,2024-10-15 06:48:09,2024-12-04 01:52:49,T3,B12,RET-YEEFX,8,False,,2024-12-29,English
CC-1HVZ9,Kamya Sarin,Ops,Agent,2024-10-12,2024-11-21 05:34:08,2024-12-14 12:04:44,T3,B12,MTC-5HHXW,8,False,,2024-10-03,English
GH-UXI21,Champak Atwal,Ops,Agent,2024-11-28,2024-11-07 10:47:45,2024-12-26 16:14:53,T3,B12,GH-76WZ6,8,False,,2024-12-08,English
CC-POSQY,Inaya Wali,Ops,Agent,2024-10-01,2024-10-24 16:07:38,2024-11-13 02:02:36,T3,B12,RET-08X3X,8,False,,2024-12-26,English
SEC-E4DXN,Aayush Ramaswamy,Ops,Agent,2024-11-09,2024-11-24 14:42:44,2024-12-17 07:44:05,T3,B12,GH-K62BF,8,False,,2024-11-06,English
RET-2R19G,Veda Dugar,Ops,Agent,2024-10-29,2024-12-30 18:15:23,2024-10-15 01:54:39,T3,B12,GH-UG400,8,False,,2024-11-08,English
CC-P5X0K,Simon Salvi,Ops,Agent,2024-10-02,2024-11-13 06:38:53,2024-10-19 05:30:22,T3,B12,SEC-ZDZWM,8,False,,2024-10-24,English
OPS-1QRBN,Aarnav Sehgal,Ops,Agent,2024-10-31,2024-12-24 01:33:29,2024-12-02 00:42:38,T3,B12,GH-N3HLL,8,False,,2024-11-17,English
CC-C9VYP,Ekantika Mane,Ops,Agent,2024-11-05,2024-12-29 04:19:44,2024-12-14 06:23:45,T3,B12,MTC-RME5J,8,False,,2024-10-13,English
MTC-753NR,Jagat Varghese,Ops,Agent,2024-10-20,2024-12-06 12:25:30,2024-12-08 05:40:26,T3,B12,OPS-ANUOP,8,False,,2024-12-18,English
SEC-MTUS2,Hemal Nazareth,Ops,Agent,2024-10-23,2024-10-23 18:58:09,2024-11-23 01:01:35,T3,B12,RET-HISOY,8,False,,2024-10-11,English
RET-B50G0,Faras Taneja,Ops,Agent,2024-10-05,2024-11-09 09:09:31,2024-12-27 00:43:43,T3,B12,MTC-5OX5X,8,False,,2024-11-20,English
MTC-RSUWK,Imaran Gour,Ops,Agent,2024-11-24,2024-10-29 05:43:09,2024-10-28 15:20:17,T3,B12,CC-A5CPQ,8,False,,2024-11-08,English
GH-KV4WX,Amruta Ray,Ops,Agent,2024-12-08,2024-10-12 11:04:24,2024-12-21 18:43:49,T3,B12,MTC-1LVIP,8,False,,2024-10-17,English
SEC-1T28X,Mitali Yogi,Ops,Agent,2024-10-19,2024-10-13 14:49:03,2024-10-10 16:52:31,T3,B12,CC-ZUBK6,8,False,,2024-12-21,English
CC-U8B0H,Yadavi Sami,Ops,Agent,2024-10-17,2024-11-17 18:41:12,2024-12-30 19:28:41,T3,B12,SEC-NIXV4,8,False,,2024-10-30,English
MTC-1OHAP,Kabir Upadhyay,Ops,Agent,2024-11-30,2024-11-09 10:36:22,2024-12-28 08:22:59,T3,B12,OPS-86OYC,8,False,,2024-12-21,English
GH-J0P0P,Amol Sankaran,Ops,Agent,2024-10-13,2024-12-22 19:33:57,2024-11-13 14:01:58,T3,B12,GH-W0H7N,8,False,,2024-11-01,English
MTC-0SP1W,Caleb Rao,Ops,Agent,2024-12-15,2024-11-01 04:26:02,2024-12-04 08:48:37,T3,B12,MTC-YNLAG,8,False,,2024-12-05,English
OPS-XGQL2,Bahadurjit Sarma,Ops,Agent,2024-12-17,2024-10-02 02:09:13,2024-10-01 22:45:11,T3,B12,GH-LZORW,8,False,,2024-11-10,English
GH-BCQGV,Amara Hora,Ops,Agent,2024-10-31,2024-10-30 14:22:22,2024-10-21 23:57:20,T3,B12,RET-RHW18,8,False,,2024-10-23,English
GH-CG3ES,Dakshesh Parekh,Ops,Agent,2024-12-09,2024-12-01 05:25:36,2024-12-27 16:15:22,T3,B12,OPS-K3F1O,8,False,,2024-10-19,English
GH-CWWYU,Qushi Dara,Ops,Agent,2024-10-04,2024-11-05 20:45:01,2024-12-04 19:02:32,T3,B12,SEC-R02JZ,8,False,,2024-11-10,English
OPS-DVRKR,Anvi Nazareth,Ops,Agent,2024-10-13,2024-10-01 09:43:11,2024-11-05 14:40:20,T3,B12,SEC-Q5O8Y,8,False,,2024-11-15,English
GH-LV93E,Nachiket Dugar,Ops,Agent,2024-12-24,2024-11-05 21:22:35,2024-12-20 18:23:34,T3,B12,SEC-TP7XZ,8,False,,2024-11-18,English
SEC-CIPYX,Lajita Yohannan,Ops,Agent,2024-11-06,2024-12-25 21:05:47,2024-10-11 10:05:12,T3,B12,MTC-B7PW5,8,False,,2024-11-16,English
CC-8RAA9,Dalaja Chaudhary,Ops,Agent,2024-11-17,2024-11-26 07:23:08,2024-11-27 14:23:58,T3,B12,RET-YMGZG,8,False,,2024-11-11,English
GH-GLE90,Chanakya Shroff,Ops,Agent,2024-11-16,2024-12-30 18:59:59,2024-12-30 03:15:26,T3,B12,CC-SK9M5,8,False,,2024-11-09,English
OPS-BANW6,Vasana Deep,Ops,Agent,2024-12-17,2024-12-30 16:33:48,2024-12-09 07:05:31,T3,B12,SEC-DO3DJ,8,False,,2024-11-24,English
GH-3K2HO,Niharika Chada,Ops,Agent,2024-11-04,2024-11-09 12:46:58,2024-12-09 02:21:38,T3,B12,CC-WK2WB,8,False,,2024-10-10,English
RET-MZA1W,Unnati Narasimhan,Ops,Agent,2024-11-23,2024-11-15 13:15:20,2024-10-20 00:47:21,T3,B12,OPS-KKVKT,8,False,,2024-10-19,English
OPS-0IPOT,Lopa Bhakta,Ops,Agent,2024-10-01,2024-10-23 12:04:20,2024-10-12 00:58:50,T3,B12,CC-GBUKK,8,False,,2024-11-13,English
MTC-WUB06,Gunbir Goyal,Ops,Agent,2024-10-23,2024-10-11 04:48:54,2024-10-05 15:32:17,T3,B12,CC-US98A,8,False,,2024-12-24,English
CC-JZ8W5,Krishna Bhatti,Ops,Agent,2024-11-11,2024-11-07 19:50:46,2024-12-26 20:24:15,T3,B12,GH-J1ONP,8,False,,2024-10-14,English
RET-CXN0A,Rudra Grewal,Ops,Agent,2024-10-22,2024-12-06 08:52:21,2024-11-25 01:59:39,T3,B12,SEC-DUXAC,8,False,,2024-11-15,English
RET-EUNCG,Robert Varma,Ops,Agent,2024-12-22,2024-12-29 04:17:35,2024-10-24 23:39:52,T3,B12,OPS-1NXMX,8,False,,2024-11-16,English
MTC-P0K0U,Harish Saha,Ops,Agent,2024-10-17,2024-11-04 23:39:29,2024-11-11 10:49:15,T3,B12,RET-Y4VSA,8,False,,2024-11-04,English
CC-A7MXT,Chanakya Sarkar,Ops,Agent,2024-10-18,2024-10-16 18:26:19,2024-10-18 02:03:46,T3,B12,GH-47A00,8,False,,2024-12-10,English
OPS-XF6TR,Jeevika Chaudry,Ops,Agent,2024-12-05,2024-12-26 20:55:01,2024-11-12 13:21:26,T3,B12,GH-YL5ZS,8,False,,2024-11-13,English
GH-3EWOL,Advay Sankaran,Ops,Agent,2024-12-09,2024-12-06 10:18:50,2024-10-05 16:45:40,T3,B12,SEC-NOR4Y,8,False,,2024-10-08,English
OPS-61K9K,Banjeet Ramakrishnan,Ops,Agent,2024-10-25,2024-12-09 07:50:23,2024-11-08 06:26:14,T3,B12,CC-B8XAH,8,False,,2024-12-01,English
MTC-16FMM,Lipika Mangal,Ops,Agent,2024-11-19,2024-10-24 18:54:04,2024-11-04 20:56:42,T3,B12,CC-YBXSO,8,False,,2024-10-30,English
RET-PWBGG,Logan Ram,Ops,Agent,2024-12-30,2024-11-24 21:18:27,2024-10-13 02:10:05,T3,B12,CC-XKKDS,8,False,,2024-11-22,English
GH-4JZCT,Simon Chaudhry,Ops,Agent,2024-11-18,2024-10-03 17:25:02,2024-12-11 00:00:56,T3,B12,RET-IF82V,8,False,,2024-10-09,English
CC-8ICPQ,Widisha Grover,Ops,Agent,2024-10-24,2024-10-18 18:40:50,2024-10-21 05:30:10,T3,B12,GH-U64OE,8,False,,2024-11-20,English
CC-RVV72,Ishwar Kaur,Ops,Agent,2024-10-16,2024-10-31 04:00:43,2024-11-25 00:01:01,T3,B12,OPS-HEWKJ,8,False,,2024-12-07,English
MTC-R06NC,Dalbir Munshi,Ops,Agent,2024-11-24,2024-11-27 21:34:47,2024-11-27 13:17:04,T3,B12,OPS-VGGEE,8,False,,2024-10-05,English
CC-BEYHB,Udant Dhingra,Ops,Agent,2024-11-05,2024-11-16 17:20:41,2024-11-27 04:56:15,T3,B12,OPS-J3QTJ,8,False,,2024-12-17,English
OPS-KNUP2,Chatresh Acharya,Ops,Agent,2024-12-12,2024-10-20 10:31:55,2024-12-26 02:35:25,T3,B12,RET-LIBSB,8,False,,2024-11-25,English
MTC-Y4INS,Atharv Nazareth,Ops,Agent,2024-10-04,2024-10-14 04:47:16,2024-12-06 03:57:02,T3,B12,CC-VV3HZ,8,False,,2024-12-29,English
RET-3WPMC,Vrishti Raghavan,Ops,Agent,2024-12-21,2024-12-22 03:42:25,2024-10-10 13:04:21,T3,B12,MTC-Q6OJP,8,False,,2024-10-02,English
OPS-Q2HT5,Ansh More,Ops,Agent,2024-11-15,2024-11-22 04:28:38,2024-11-28 06:15:39,T3,B12,SEC-SDU4T,8,False,,2024-11-22,English
OPS-S6SO5,Ishani Shenoy,Ops,Agent,2024-11-15,2024-12-15 20:17:57,2024-11-15 07:23:39,T3,B12,MTC-WGEY0,8,False,,2024-11-11,English
GH-AC3Y8,Yadavi Rao,Ops,Agent,2024-12-26,2024-12-29 00:42:00,2024-12-28 22:04:40,T3,B12,SEC-PIHRD,8,False,,2024-11-16,English
GH-PTZ02,Kiaan Nagar,Ops,Agent,2024-10-18,2024-10-17 14:52:34,2024-11-08 04:22:09,T3,B12,GH-8YMQ4,8,False,,2024-11-23,English
RET-ANZLQ,Pushti Sem,Ops,Agent,2024-11-30,2024-11-21 09:08:04,2024-10-05 02:54:29,T3,B12,CC-M8L9T,8,False,,2024-10-26,English
MTC-BZPCN,Riya Parmer,Ops,Agent,2024-10-13,2024-11-29 11:47:33,2024-12-05 16:41:22,T3,B12,CC-I8T4N,8,False,,2024-12-16,English
SEC-VXXAY,Mugdha Acharya,Ops,Agent,2024-10-30,2024-10-14 08:13:17,2024-12-03 16:15:37,T3,B12,RET-ESYFT,8,False,,2024-10-29,English
OPS-NUN4B,Tanay Karnik,Ops,Agent,2024-12-14,2024-11-20 14:38:45,2024-10-13 10:22:27,T3,B12,SEC-RKY1R,8,False,,2024-11-05,English
RET-8R10P,Jagrati Borra,Ops,Agent,2024-12-13,2024-11-28 14:19:24,2024-11-16 05:09:19,T3,B12,OPS-XDNSS,8,False,,2024-10-25,English
MTC-39Q4C,Sachi Mody,Ops,Agent,2024-10-18,2024-11-18 02:22:31,2024-12-01 13:05:11,T3,B12,GH-P2EJT,8,False,,2024-12-29,English
OPS-BZDLF,Krish Vyas,Ops,Agent,2024-10-21,2024-11-10 06:52:56,2024-11-17 12:36:54,T3,B12,RET-HQ47K,8,False,,2024-11-27,English
GH-A380E,Samaksh Sunder,Ops,Agent,2024-10-22,2024-10-28 06:23:03,2024-12-11 17:41:57,T3,B12,CC-VLFGF,8,False,,2024-11-20,English
GH-P5K1P,Sneha Lad,Ops,Agent,2024-12-21,2024-11-28 19:48:38,2024-12-18 10:24:00,T3,B12,SEC-J7R93,8,False,,2024-11-11,English
MTC-C1DQH,Kala Borde,Ops,Agent,2024-10-12,2024-11-14 10:01:10,2024-11-01 20:13:19,T3,B12,CC-P1FZP,8,False,,2024-12-17,English
SEC-NL90Z,David Kalla,Ops,Agent,2024-12-07,2024-10-20 13:16:13,2024-12-20 21:16:47,T3,B12,RET-K6KQN,8,False,,2024-10-03,English
MTC-C7LM0,Ranveer Kuruvilla,Ops,Agent,2024-10-02,2024-12-15 14:10:27,2024-10-18 00:50:10,T3,B12,RET-PV5PL,8,False,,2024-11-22,English
RET-ZR0EF,Rudra Anne,Ops,Agent,2024-12-22,2024-10-01 13:02:49,2024-11-25 05:34:32,T3,B12,GH-MJLXU,8,False,,2024-10-28,English
CC-H0FN5,Girindra Bobal,Ops,Agent,2024-12-23,2024-12-30 09:11:16,2024-12-06 16:09:13,T3,B12,MTC-QKOAT,8,False,,2024-11-30,English
RET-DXI2N,Anya Ratti,Ops,Agent,2024-11-17,2024-10-23 10:15:55,2024-12-03 18:22:47,T3,B12,CC-LAR9S,8,False,,2024-10-02,English
GH-IG32H,Rudra Badal,Ops,Agent,2024-12-04,2024-10-07 15:19:50,2024-10-18 15:31:40,T3,B12,OPS-PKDEJ,8,False,,2024-12-23,English
RET-50JTV,Zayan Vora,Ops,Agent,2024-11-15,2024-12-17 18:27:54,2024-12-03 16:57:36,T3,B12,MTC-DOJG3,8,False,,2024-10-06,English
GH-GTL4C,Rachit Sood,Ops,Agent,2024-12-29,2024-10-28 07:16:56,2024-11-17 05:22:43,T3,B12,SEC-GFJQQ,8,False,,2024-11-02,English
GH-VEQ76,Zayan Hayre,Ops,Agent,2024-11-19,2024-10-13 22:23:24,2024-12-26 04:22:30,T3,B12,SEC-45VTI,8,False,,2024-11-30,English
SEC-NR79N,Urvashi Tella,Ops,Agent,2024-12-13,2024-12-29 11:54:43,2024-10-28 17:48:21,T3,B12,GH-I5TOO,8,False,,2024-12-24,English
MTC-S9D9R,Isaac Karpe,Ops,Agent,2024-11-28,2024-11-01 12:10:47,2024-12-09 06:23:09,T3,B12,MTC-PTDGN,8,False,,2024-10-10,English
SEC-G326U,Avi Kumar,Ops,Agent,2024-10-24,2024-12-05 19:09:28,2024-10-17 15:38:25,T3,B12,GH-YWFTS,8,False,,2024-12-11,English
GH-THL3K,Eshana Doctor,Ops,Agent,2024-11-28,2024-10-25 19:15:20,2024-12-23 15:55:03,T3,B12,MTC-FZ19T,8,False,,2024-11-24,English
CC-G8TWE,Fitan Shroff,Ops,Agent,2024-10-11,2024-10-02 23:36:46,2024-12-24 03:24:21,T3,B12,GH-JQKNZ,8,False,,2024-10-29,English
OPS-4VFZG,Nitesh Acharya,Ops,Agent,2024-10-06,2024-12-18 11:14:28,2024-12-04 10:11:22,T3,B12,RET-LPKVL,8,False,,2024-11-28,English
